Date,salaire_mensuel,taux_cotisation,cotisations,CAC40_Norm,SP500_Norm,WGBI_Norm,CAC40_50/50,CAC40_75/25,SNP500_50/50,SNP500_75/25
1985-01-01,1156.0,15.0,173.4,1.0,1.0,1.0,173.4,173.4,173.4,173.4
1985-02-01,1156.0,15.0,173.4,1.04097772430945,1.0743421540756253,1.0235623791293365,352.3956269681428,353.1505821817007,355.2883230288702,357.48962627279184
1985-03-01,1156.0,15.0,173.4,1.0269723608884167,1.083612416164497,0.9832991277578244,516.4940669438716,519.5141862671908,523.2332949748401,529.6875627222223
1985-04-01,1156.0,15.0,173.4,1.0412410780742996,1.0805024339685474,1.0019526779018826,698.38118424141,700.791614214996,700.8454167794321,704.4594974191357
1985-05-01,1156.0,15.0,173.4,1.053342778914395,1.0755383080941214,1.0250878162371238,883.9024389981987,884.3455932431262,880.7267564852954,879.4986380684588
1985-06-01,1156.0,15.0,173.4,1.0738831565053872,1.133672287747913,1.030164384102301,1068.109254930763,1071.7741609882225,1080.109683921289,1089.6409003897056
1985-07-01,1156.0,15.0,173.4,1.0150421142353927,1.1474282871123735,0.9878103169278131,1190.2898536048963,1190.1138458180835,1237.8589624005435,1261.7573471352919
1985-08-01,1156.0,15.0,173.4,1.0421351531597272,1.1418660385983488,1.0023207167383668,1388.3175466382233,1391.7088581647406,1417.3503929037083,1435.2036298588375
1985-09-01,1156.0,15.0,173.4,1.0923767831361795,1.1281699062542694,1.0000690689505467,1593.6237549108357,1614.648270230569,1580.6581833828247,1594.886675696689
1985-10-01,1156.0,15.0,173.4,1.053725691990844,1.0888756033587224,0.9906056360263649,1731.2904529049824,1741.3807086664183,1719.0522096976472,1722.8510795361603
1985-11-01,1156.0,15.0,173.4,1.1205487455051073,1.135287145866269,0.9884566049650708,1957.708257751872,1996.659796631683,1927.2234391249667,1950.3919694567992
1985-12-01,1156.0,15.0,173.4,1.1727114983111429,1.2091507288216536,0.9934453565931248,2181.6152611350135,2242.2890882104134,2168.180905676339,2221.424579037861
1986-01-01,1181.8097395306847,15.181864282886297,179.42075073748057,1.1571991885910546,1.2636363793995757,0.992510952362158,2345.5811241072415,2398.937287814678,2395.4322923331333,2475.3978395341355
1986-02-01,1181.8097395306847,15.181864282886297,179.42075073748057,1.1729985051319523,1.266626810076167,0.9916525239767928,2539.9997081833835,2602.403961202041,2576.6515601515102,2658.676917277233
1986-03-01,1181.8097395306847,15.181864282886297,179.42075073748057,1.2628449860489588,1.3571770473129245,1.073989619923432,2922.145139996448,2985.343682224176,2955.143724152804,3035.8354510375334
1986-04-01,1181.8097395306847,15.181864282886297,179.42075073748057,1.363689585213593,1.4288277407710561,1.044192287958322,3177.703206732998,3322.853862089639,3171.5767526893233,3314.4044839712456
1986-05-01,1181.8097395306847,15.181864282886297,179.42075073748057,1.3428601063863044,1.4086124914545761,1.0638789122626988,3362.810604067293,3479.8705882823388,3358.4591313098585,3474.277738045168
1986-06-01,1181.8097395306847,15.181864282886297,179.42075073748057,1.315969699642822,1.4715310871823524,1.0584047045822316,3499.9099724182865,3602.5523118314068,3604.2456448367548,3765.618610145703
1986-07-01,1181.8097395306847,15.181864282886297,179.42075073748057,1.3553479204735397,1.4992225044510126,1.0486146741918931,3715.5085060142724,3854.4926647764573,3800.9096475321467,3989.4778944760797
1986-08-01,1181.8097395306847,15.181864282886297,179.42075073748057,1.277826809803572,1.4122009535100646,1.0499348778466273,3791.011188251814,3869.779097294387,3872.4122052283624,3996.479033177475
1986-09-01,1181.8097395306847,15.181864282886297,179.42075073748057,1.3629276063774682,1.5127392182553527,1.0306054386865058,4061.772441914763,4224.678920675542,4154.030703393027,4370.895672860274
1986-10-01,1181.8097395306847,15.181864282886297,179.42075073748057,1.2776483255606677,1.3834928920233491,1.042599755298575,4137.755011033606,4218.135795004,4180.166730779928,4282.951266268024
1986-11-01,1181.8097395306847,15.181864282886297,179.42075073748057,1.338632217785614,1.4591507516368292,1.0193402928523505,4369.771303209333,4525.033860906941,4427.2581539142475,4614.148312926995
1986-12-01,1181.8097395306847,15.181864282886297,179.42075073748057,1.3428396231002893,1.490550273741038,1.011173382799858,4538.554078339204,4706.057867741406,4636.578575551481,4858.796003342569
1987-01-01,1208.195727032513,15.36593354026524,185.65055245214043,1.3711491510202152,1.44838518294896,0.9993704858507321,4745.557081029348,4952.384846994954,4729.588555412945,4927.182805681019
1987-02-01,1208.195727032513,15.36593354026524,185.65055245214043,1.492880819306442,1.6392343993708853,1.0106977937403796,5168.758846868463,5481.825910806705,5253.644330192449,5613.724756105213
1987-03-01,1208.195727032513,15.36593354026524,185.65055245214043,1.617221489359441,1.6995814510433334,1.018067450763705,5588.504380480895,6019.901533361969,5555.153031125764,5964.607098536414
1987-04-01,1208.195727032513,15.36593354026524,185.65055245214043,1.6329314184906047,1.7439593400719626,1.0200941311126022,5806.86126748247,6252.4067217146085,5818.85843476045,6270.032808481259
1987-05-01,1208.195727032513,15.36593354026524,185.65055245214043,1.6787119638003936,1.7164473413430417,1.0304159924221494,6103.290305741668,6585.3420154066,5988.05017637829,6397.359122001172
1987-06-01,1208.195727032513,15.36593354026524,185.65055245214043,1.7909273477346423,1.735167466581928,1.0235771796187392,6472.677904228372,7090.219361483578,6186.483351166412,6624.723684425927
1987-07-01,1208.195727032513,15.36593354026524,185.65055245214043,1.845156732244546,1.818121984347147,1.0204532896554448,6746.44789606639,7431.4793853554875,6510.574575428656,7042.8547193855975
1987-08-01,1208.195727032513,15.36593354026524,185.65055245214043,1.914036689093955,1.9056220151476337,1.0117318545999923,7029.191675010424,7809.315032122932,6825.069308655808,7467.668599071257
1987-09-01,1208.195727032513,15.36593354026524,185.65055245214043,1.8396539369283509,1.9725478682914601,0.9982121008801358,7031.293520618632,7741.264109010711,7084.967172432359,7825.071162765513
1987-10-01,1208.195727032513,15.36593354026524,185.65055245214043,1.9274534832468073,1.924820528985357,1.0052650274302404,7409.5722654143165,8217.684131584912,7209.934189304303,7882.543550558541
1987-11-01,1208.195727032513,15.36593354026524,185.65055245214043,1.419147272532717,1.505562202883674,0.985455065714173,6545.192834734386,6737.4799171807235,6539.32196782325,6741.647294028683
1987-12-01,1208.195727032513,15.36593354026524,185.65055245214043,1.2913903938933942,1.3775120306701665,0.9862523187433401,6438.879767932861,6469.5935402757295,6449.5284997850595,6498.621476270134
1988-01-01,1235.1708282581146,15.552234505877163,192.09666375888725,1.447854820970781,1.4778708768757154,1.048489363381616,7224.204110691731,7351.645798032472,7080.063262207116,7148.3348790026685
1988-02-01,1235.1708282581146,15.552234505877163,192.09666375888725,1.4618451711296416,1.5373803378270408,1.0616775861388483,7496.6379748618965,7620.138462224845,7459.234072186398,7578.7916582983735
1988-03-01,1235.1708282581146,15.552234505877163,192.09666375888725,1.4596139362398812,1.6017943314145162,1.0553932983383985,7660.826456174118,7792.235791064617,7785.519879738015,7997.828452260916
1988-04-01,1235.1708282581146,15.552234505877163,192.09666375888725,1.4230623369388968,1.5483852833357319,1.0612661325334491,7778.31674143616,7848.822945330962,7869.480853719787,8001.046013943836
1988-05-01,1235.1708282581146,15.552234505877163,192.09666375888725,1.4724159114137592,1.5631578356575457,1.0830248253542252,8185.032039100485,8285.305104835963,8179.789699165994,8291.404389388386
1988-06-01,1235.1708282581146,15.552234505877163,192.09666375888725,1.470325842948159,1.567942634252934,1.1159490073805107,8495.732794460908,8531.549888624118,8508.739120932847,8565.551043683628
1988-07-01,1235.1708282581146,15.552234505877163,192.09666375888725,1.5196159423295963,1.635765580095457,1.1411453605399218,8926.141806355547,8986.307711787234,8980.919742800428,9083.880522079351
1988-08-01,1235.1708282581146,15.552234505877163,192.09666375888725,1.5210894749296364,1.6269737066054222,1.1311175356198444,9083.346920564549,9165.197905040272,9109.421235141157,9219.403148905814
1988-09-01,1235.1708282581146,15.552234505877163,192.09666375888725,1.4288719709659357,1.5641147953766232,1.1570055649840156,9104.046139761696,8992.999162792805,9229.78869979006,9197.104168379978
1988-10-01,1235.1708282581146,15.552234505877163,192.09666375888725,1.4887759785094727,1.6261364809271066,1.1578630066700872,9490.355196644878,9469.528748759096,9608.299339580482,9664.423675534581
1988-11-01,1235.1708282581146,15.552234505877163,192.09666375888725,1.5188398765980493,1.668480898998222,1.1377649287603109,9695.908212106,9763.951243135838,9842.105559900472,10003.327208813997
1988-12-01,1235.1708282581146,15.552234505877163,192.09666375888725,1.467028234650806,1.6368420913338928,1.151144571180487,9779.638274134566,9734.947273780124,9998.755590798923,10082.565472476406
1989-01-01,1262.748196210746,15.740794237589888,198.7665953044114,1.4715604283641297,1.6610048223067437,1.197256975964005,10189.387093710966,10053.760337174228,10471.586435552408,10493.931193349506
1989-02-01,1262.748196210746,15.740794237589888,198.7665953044114,1.6762686592782226,1.7791268340321014,1.16949421794214,10978.735635946392,11243.174863450487,10921.28446320789,11191.568094157257
1989-03-01,1262.748196210746,15.740794237589888,198.7665953044114,1.6441332898985346,1.7276315228700687,1.194999407980424,11191.982966346242,11341.586033315636,11081.087121182449,11208.405370418997
1989-04-01,1262.748196210746,15.740794237589888,198.7665953044114,1.6923952836129894,1.7635765580095457,1.2029295102024706,11592.15005635709,11808.859755446732,11431.897499602594,11600.668151120864
1989-05-01,1262.748196210746,15.740794237589888,198.7665953044114,1.7291691639794184,1.8519139970097518,1.2403342937206456,12097.086421863523,12291.869824699665,12094.711563944404,12325.422248229237
1989-06-01,1262.748196210746,15.740794237589888,198.7665953044114,1.7340182432431221,1.9169259307154227,1.2541165094525792,12380.0244068189,12550.634704455899,12572.968563223083,12882.943346236443
1989-07-01,1262.748196210746,15.740794237589888,198.7665953044114,1.7607276510691612,1.9017943587927268,1.248006867427083,12643.981221653497,12879.10549454489,12691.486076838019,12989.74934549305
1989-08-01,1262.748196210746,15.740794237589888,198.7665953044114,1.882749727083071,2.0698564168000364,1.2709328255120969,13397.01020297602,13806.431098214816,13567.599286535211,14109.10217687083
1989-09-01,1262.748196210746,15.740794237589888,198.7665953044114,1.9564466226105321,2.1019737955846063,1.241762047598374,13704.23207202943,14331.296677472867,13715.924670820175,14391.10505655599
1989-10-01,1262.748196210746,15.740794237589888,198.7665953044114,1.8784427396351122,2.0882177049594444,1.2366696925445,13601.703638898394,14086.826875979916,13841.686345037828,14504.48197475919
1989-11-01,1262.748196210746,15.740794237589888,198.7665953044114,1.7645192405669372,2.035645882558976,1.21720902237834,13280.99264415861,13589.422911768466,13757.308765005853,14372.319004025981
1989-12-01,1262.748196210746,15.740794237589888,198.7665953044114,1.882117990569816,2.0694378952215806,1.17827090815803,13709.8967359558,14358.773199714571,13850.216126785164,14635.081078536847
1990-01-01,1290.9412775576677,15.931640121328554,205.66811851816882,1.9823598585663658,2.1136363657104704,1.1466767967794136,14096.85204024268,15041.750123408929,14018.099164197352,14977.072018318708
1990-02-01,1290.9412775576677,15.931640121328554,205.66811851816882,1.909563812043828,1.9681817737959313,1.1381773690650037,13991.443943219523,14805.273647566853,13689.471271624081,14381.976360862054
1990-03-01,1290.9412775576677,15.931640121328554,205.66811851816882,2.1293315117407072,1.984988162118066,1.1229743063503967,14908.790564899082,16239.432817240871,13862.159175053173,14631.72434736294
1990-04-01,1290.9412775576677,15.931640121328554,205.66811851816882,2.2627046728791504,2.033134023002625,1.110153135730355,15496.2654415159,17161.630761443954,14156.807331532867,15061.798509591124
1990-05-01,1290.9412775576677,15.931640121328554,205.66811851816882,2.384480167831642,1.9784688626242617,1.1542112325847576,16426.423163979965,18230.28078335634,14453.074510663497,15113.177638881329
1990-06-01,1290.9412775576677,15.931640121328554,205.66811851816882,2.437829432287019,2.160646030857616,1.147433595137546,16767.621152711574,18715.093367871465,15281.726376318964,16340.373901708943
1990-07-01,1290.9412775576677,15.931640121328554,205.66811851816882,2.3485274026551917,2.1412679159587498,1.1279877254607884,16524.09265142262,18327.293663369433,15289.374347122082,16366.89729844681
1990-08-01,1290.9412775576677,15.931640121328554,205.66811851816882,2.2719828058279115,2.130083734431723,1.1075541697912143,16310.81186588196,18001.96130325277,15316.629152138457,16434.328447375534
1990-09-01,1290.9412775576677,15.931640121328554,205.66811851816882,1.934490719816721,1.9291866234808859,1.1211775269368907,15405.348513040699,16257.408860088215,14894.209892182125,15528.041043689005
1990-10-01,1290.9412775576677,15.931640121328554,205.66811851816882,1.7570464271716622,1.8307416967134922,1.1245845995974268,14927.883517309812,15357.000013559214,14742.48842434263,15151.217850754218
1990-11-01,1290.9412775576677,15.931640121328554,205.66811851816882,1.8904195883101051,1.818121984347147,1.1425642341240083,15819.453486084534,16498.333950472374,15015.194890180781,15339.114079946507
1990-12-01,1290.9412775576677,15.931640121328554,205.66811851816882,1.8881000550729148,1.9272130195437531,1.1480887634684454,16053.661548267004,16708.762749126512,15707.63495379704,16253.607776618084
1991-01-01,1319.7638191867102,16.124799875053085,212.80927466721448,1.7442889943671154,1.974880491829475,1.1608694794174528,15744.446613360846,16013.580004763322,16202.129684088133,16813.162714712962
1991-02-01,1319.7638191867102,16.124799875053085,212.80927466721448,1.8289519575245619,2.0568780498756163,1.2000187472865769,16604.835407629882,16944.34129684867,17024.498351443708,17691.28935375419
1991-03-01,1319.7638191867102,16.124799875053085,212.80927466721448,2.024952516067143,2.195394820717895,1.2925218060543866,18347.36665654747,18845.57450266773,18466.713798562432,19138.57162745061
1991-04-01,1319.7638191867102,16.124799875053085,212.80927466721448,2.104976412750209,2.244138804242053,1.3165331333622765,19093.130386254463,19704.47516797154,19056.058890727,19758.96364303521
1991-05-01,1319.7638191867102,16.124799875053085,212.80927466721448,2.0794615471411158,2.2449163454213914,1.3399297470103015,19359.87937906287,19825.696790601774,19441.495656944055,20064.693453224634
1991-06-01,1319.7638191867102,16.124799875053085,212.80927466721448,2.1623848603706692,2.3313995494824193,1.3771539645577613,20227.614244756875,20769.145567570504,20298.83662919816,20996.58515359993
1991-07-01,1319.7638191867102,16.124799875053085,212.80927466721448,2.0501193950614285,2.219976073269202,1.3576952677901883,19772.43613764579,20099.879177433188,19883.17187497953,20382.615954982288
1991-08-01,1319.7638191867102,16.124799875053085,212.80927466721448,2.0436247303119104,2.319437826776054,1.386951888542448,20166.96195206667,20373.21373550379,20755.623404575254,21390.133043276142
1991-09-01,1319.7638191867102,16.124799875053085,212.80927466721448,2.1570499622397463,2.3650119610838813,1.3757301574772074,20857.83970863204,21392.87882037101,21088.37791506092,21874.893386971275
1991-10-01,1319.7638191867102,16.124799875053085,212.80927466721448,2.1896393759076553,2.319736796835152,1.397382286774283,21392.34957542133,21932.269767002774,21265.28327407717,21859.697574461974
1991-11-01,1319.7638191867102,16.124799875053085,212.80927466721448,2.1510190908792075,2.347248795564073,1.385845798634408,21328.197201938143,21809.685297665143,21516.414506821042,22221.831053436017
1991-12-01,1319.7638191867102,16.124799875053085,212.80927466721448,1.9949145323309139,2.243480814582073,1.368928839246951,20636.91135360604,20768.851649517062,21122.296292003743,21630.032341881077
1992-01-01,1349.2298749092279,16.320301552783857,220.19838422543438,2.0357384022493075,2.4941986028169074,1.4134427911749612,21403.7952371652,21476.646948654474,22866.16509796135,23838.99938363326
1992-02-01,1349.2298749092279,16.320301552783857,220.19838422543438,2.167719758501592,2.444916363673532,1.431499388246438,22454.53668523877,22809.719225405188,23006.51663767451,23782.061436621458
1992-03-01,1349.2298749092279,16.320301552783857,220.19838422543438,2.2903071750309443,2.4681818194262823,1.422011287839918,23235.23663367505,23959.56123738055,23259.933714708084,24132.58232154758
1992-04-01,1349.2298749092279,16.320301552783857,220.19838422543438,2.24229280870649,2.414294382748661,1.429168804515136,23270.357241952173,23833.189929801654,23284.754798292066,23987.98555460127
1992-05-01,1349.2298749092279,16.320301552783857,220.19838422543438,2.3470196494217888,2.4817584915117052,1.434585783636579,24078.080346410683,24910.82332820694,23874.41138308043,24733.64760193815
1992-06-01,1349.2298749092279,16.320301552783857,220.19838422543438,2.3518907541637324,2.4841507995486976,1.4033577376958597,24061.199387899585,25034.232826778014,23846.267769480146,24837.12717721918
1992-07-01,1349.2298749092279,16.320301552783857,220.19838422543438,2.1954382090006312,2.441387677377722,1.3987616923866282,23441.697237677494,23984.938242360935,23822.168088449464,24716.323091538725
1992-08-01,1349.2298749092279,16.320301552783857,220.19838422543438,2.035970298943797,2.537021592008264,1.3748776492876031,22610.40468084584,22796.12214419369,24305.563500318756,25557.15276322452
1992-09-01,1349.2298749092279,16.320301552783857,220.19838422543438,1.9487559058546708,2.4762560187573595,1.448133164936654,22948.682613091572,22587.58911372132,24882.202245514112,25658.682008607804
1992-10-01,1349.2298749092279,16.320301552783857,220.19838422543438,2.039333650452338,2.498803800351153,1.5305235426451433,24355.029317487435,23916.46281958245,25923.510737447796,26419.06609137819
1992-11-01,1349.2298749092279,16.320301552783857,220.19838422543438,2.052902863260672,2.50394743602602,1.5599113944034415,24890.076420125297,24370.81784902954,26419.271051697884,26806.870290160525
1992-12-01,1349.2298749092279,16.320301552783857,220.19838422543438,2.0549904998033726,2.57984458119962,1.6020681217192247,25459.2585339028,24774.259413665335,27396.858101223545,27817.590354797638
1993-01-01,1379.3538123127103,16.5181735486762,227.84405656809486,2.1275918618128147,2.6058613645902455,1.6220803567904647,26295.843568862605,25735.913197015445,27933.959710795978,28342.70289652729
1993-02-01,1379.3538123127103,16.5181735486762,227.84405656809486,2.0484958350538545,2.6242823372486304,1.7023907723882068,26685.85980736006,25564.733521342416,28952.052744028635,29071.631131240018
1993-03-01,1379.3538123127103,16.5181735486762,227.84405656809486,2.3255639669777786,2.6517943359775513,1.6876248174606305,28602.66220514036,28330.450192919117,29206.097971716823,29465.017958872213
1993-04-01,1379.3538123127103,16.5181735486762,227.84405656809486,2.346439766112491,2.7013757277014285,1.6846370919998421,28933.56577057621,28736.49001666519,29681.126758169507,30093.00818642283
1993-05-01,1379.3538123127103,16.5181735486762,227.84405656809486,2.2328987274104843,2.6327153736591864,1.7058165923353197,28643.26029869906,28011.764056153464,29718.34873450534,29841.78444491663
1993-06-01,1379.3538123127103,16.5181735486762,227.84405656809486,2.169691446697048,2.6927632727511335,1.8247158306034652,29463.947725040252,28133.026237318543,31320.82381573501,31100.119754213458
1993-07-01,1379.3538123127103,16.5181735486762,227.84405656809486,2.299469218059387,2.6946173251689074,1.9256808225125315,31388.11711727209,30012.09387223105,32425.97088852214,31774.231041286894
1993-08-01,1379.3538123127103,16.5181735486762,227.84405656809486,2.471694560920768,2.680203427405169,1.899006393811422,32574.01943883156,31821.88783806183,32342.507926092545,31764.56763899631
1993-09-01,1379.3538123127103,16.5181735486762,227.84405656809486,2.5574014839226384,2.7724282072592596,1.8757123968899239,33166.83839129849,32779.72358616254,32928.43539517747,32714.757380518837
1993-10-01,1379.3538123127103,16.5181735486762,227.84405656809486,2.45221042509914,2.7447966570109803,1.9132227572325058,33044.20712659673,32160.227381215576,33321.43819808826,32861.61827177908
1993-11-01,1379.3538123127103,16.5181735486762,227.84405656809486,2.5216806154406783,2.798026286550025,1.9351768165133991,33929.70575862682,33163.645641736905,34063.562548220274,33661.69547628715
1993-12-01,1379.3538123127103,16.5181735486762,227.84405656809486,2.4570816714141572,2.7627392410705283,1.9595167146860324,33936.3313970888,32858.5943375181,34290.83098908462,33676.99446639855
1994-01-01,1410.150319766385,16.71844460114429,235.7552000030022,2.624551857880839,2.790131688280091,1.975962031811185,35471.01165673662,34842.97748822768,34840.47582550538,34233.83804730727
1994-02-01,1410.150319766385,16.71844460114429,235.7552000030022,2.7128102108143892,2.8803828641970486,1.931020839089079,35899.8003696554,35759.38987409418,35243.51076520763,35105.45032396358
1994-03-01,1410.150319766385,16.71844460114429,235.7552000030022,2.599848772275533,2.794198630195118,1.8916969254450011,35022.584190880436,34696.32526111663,34593.14864718036,34374.68556415319
1994-04-01,1410.150319766385,16.71844460114429,235.7552000030022,2.398165470560294,2.6654306925619515,1.877930496901764,33772.46591887951,32850.28074291078,33905.935771186356,33359.809050086275
1994-05-01,1410.150319766385,16.71844460114429,235.7552000030022,2.526087785220569,2.6968302146661607,1.85145044796148,34670.855201148384,34284.45163499196,34102.353752510084,33772.70640485603
1994-06-01,1410.150319766385,16.71844460114429,235.7552000030022,2.3698671367519575,2.7302632077278832,1.82988120140506,33632.580597616325,32830.16608242269,34350.85003261675,34224.11312036627
1994-07-01,1410.150319766385,16.71844460114429,235.7552000030022,2.20274479532701,2.657117207670754,1.8394008761889726,32769.94005244459,31372.239426725333,34215.81395047526,33816.71060433034
1994-08-01,1410.150319766385,16.71844460114429,235.7552000030022,2.4090671635166294,2.740909133635692,1.8256107668626909,34417.57120903618,33753.079617322284,34862.8061859866,34788.889224056045
1994-09-01,1410.150319766385,16.71844460114429,235.7552000030022,2.3946861707045084,2.8438397064179726,1.8058461933141259,34364.290955755816,33746.36228952266,35564.45332213351,35910.3177651747
1994-10-01,1410.150319766385,16.71844460114429,235.7552000030022,2.1633127302947748,2.767284754105796,1.788218810435332,32772.19556827741,31454.347386145244,35147.94114555109,35333.42240431268
1994-11-01,1410.150319766385,16.71844460114429,235.7552000030022,2.180825177920947,2.824521641060891,1.8353258081067212,33572.25800665179,32088.224739989277,36210.136606640066,36349.98620564298
1994-12-01,1410.150319766385,16.71844460114429,235.7552000030022,2.2919307350385187,2.712619593727433,1.8232979437186725,34553.200445819246,33497.495827519626,35609.952131284146,35446.099463353064
1995-01-01,1441.6344135832383,16.92114379703505,243.94103214996275,2.1843044777767324,2.746471290889015,1.831948336424991,34067.8200278033,32601.416953970413,36160.560802807784,36063.840708237076
1995-02-01,1441.6344135832383,16.92114379703505,243.94103214996275,2.1004532946230734,2.8135168780736035,1.8451247187907012,33780.37979159914,31965.351280048468,36975.9126238721,37032.909848950716
1995-03-01,1441.6344135832383,16.92114379703505,243.94103214996275,2.072271050735055,2.915012102537969,1.861574969412322,33948.28629568221,31958.874650807516,38051.62071680946,38361.34081981185
1995-04-01,1441.6344135832383,16.92114379703505,243.94103214996275,2.1430168144693598,2.994617352547118,1.904870347712831,35166.4860118993,33206.92452628959,39257.623005915055,39614.027378062645
1995-05-01,1441.6344135832383,16.92114379703505,243.94103214996275,2.2185175930252896,3.078708248571154,1.9884822591467026,36801.6980872575,34692.69635532454,40914.33667528176,41126.96217216229
1995-06-01,1441.6344135832383,16.92114379703505,243.94103214996275,2.2770858072643447,3.1901915918047523,1.96495737459052,37313.723552973424,35520.936530016836,41657.03379346069,42366.2030354633
1995-07-01,1441.6344135832383,16.92114379703505,243.94103214996275,2.155658157353588,3.2580742221462526,1.9486383549749378,36407.824942167405,34270.48756761454,42171.193978820156,43198.29929498368
1995-08-01,1441.6344135832383,16.92114379703505,243.94103214996275,2.238001587273844,3.361602917568132,1.9807297627974898,37646.92606534281,35637.3427472979,43432.402711104885,44649.59770083407
1995-09-01,1441.6344135832383,16.92114379703505,243.94103214996275,2.1869718560556572,3.3605264063296962,1.9875873228874767,37526.83385601429,35302.69121763469,43744.5738910461,44921.46064605299
1995-10-01,1441.6344135832383,16.92114379703505,243.94103214996275,2.0740107006629476,3.4952750227946416,2.003619213008643,36952.955401523264,34250.23303198702,45041.96034105072,46606.9136522114
1995-11-01,1441.6344135832383,16.92114379703505,243.94103214996275,2.128287693469357,3.4778708768757154,2.065852310849745,38254.31275282679,35432.37814463252,45873.27120868463,47038.70776894752
1995-12-01,1441.6344135832383,16.92114379703505,243.94103214996275,2.1205173137539988,3.620634008172761,2.0783587243951533,38544.21395622535,35632.922255666774,47197.59380536626,48802.00946060691
1996-01-01,1473.8214453419364,17.126300575852625,252.4110906806355,2.172706811590781,3.6837918894606574,2.130230492954967,39751.938110209296,36765.40497092642,48450.63913397325,49997.39328278231
1996-02-01,1473.8214453419364,17.126300575852625,252.4110906806355,2.344004284528056,3.803947554664932,2.079104669061057,41094.35621767976,38971.176858741375,48911.80585400664,51172.90653942458
1996-03-01,1473.8214453419364,17.126300575852625,252.4110906806355,2.324752186973991,3.8303229926136324,2.077835773769586,41165.466288491654,38977.57927705903,49318.86123656201,51683.62306995483
1996-04-01,1473.8214453419364,17.126300575852625,252.4110906806355,2.3884232610764062,3.8606460034794057,2.120836128981332,42407.55915813664,40232.29650733732,50276.81187989211,52510.29714062658
1996-05-01,1473.8214453419364,17.126300575852625,252.4110906806355,2.4991809731522436,3.912499969199513,2.1079350357185143,43514.26437719574,41822.78524116887,50713.95002801993,53211.818876190526
1996-06-01,1473.8214453419364,17.126300575852625,252.4110906806355,2.4417725255317837,4.001913919438155,2.105738643091132,43244.22431019485,41343.77146542157,51519.43330582778,54362.42224091226
1996-07-01,1473.8214453419364,17.126300575852625,252.4110906806355,2.448151241934057,4.0109450784883105,2.0930013419110396,43422.330545966935,41614.66465931362,51674.1598950901,54624.63593669647
1996-08-01,1473.8214453419364,17.126300575852625,252.4110906806355,2.3230125370460986,3.8274522959778032,2.1035718514425548,42674.61275813208,40324.24977610818,50875.06360093261,53071.78962561329
1996-09-01,1473.8214453419364,17.126300575852625,252.4110906806355,2.287871551873436,3.899461735254712,2.15640466511426,43140.15004733922,40372.35567130384,52244.93780454337,54406.30225506093
1996-10-01,1473.8214453419364,17.126300575852625,252.4110906806355,2.472042547535576,4.11070580205426,2.1647442475431187,45212.34619686711,43101.24603313732,54013.49639170602,56921.8145044979
1996-11-01,1473.8214453419364,17.126300575852625,252.4110906806355,2.4605609712699428,4.218122203372832,2.2138779255634056,45872.858620209314,43448.08666082717,55584.59597507382,58612.78059924397
1996-12-01,1473.8214453419364,17.126300575852625,252.4110906806355,2.676741355717621,4.527631778400034,2.204197418794648,48040.12950972424,46515.95400707177,57754.77303157868,62026.703653641205
1997-01-01,1506.7271093722243,17.333944734034137,261.17524443129145,2.6743057325601125,4.430263180349673,2.2735584323321625,49035.3044802483,47111.32234008681,58303.63291979631,61775.40577771475
1997-02-01,1506.7271093722243,17.333944734034137,261.17524443129145,2.9222638922449864,4.701913800799243,2.3177517069897773,52046.29710965703,50877.50979459912,60918.96226441647,65177.69128590331
1997-03-01,1506.7271093722243,17.333944734034137,261.17524443129145,3.034993150943206,4.729784819129046,2.269589927773612,52770.59273086697,52346.37062117652,60727.755286331005,65390.03615101382
1997-04-01,1506.7271093722243,17.333944734034137,261.17524443129145,2.9981127989887977,4.528229718518229,2.324055728776098,53344.33800323605,52444.52558896291,60423.67869523646,63953.62145539093
1997-05-01,1506.7271093722243,17.333944734034137,261.17524443129145,3.0688585627231024,4.792703597378226,2.3585536961755538,54630.80820865708,53828.46155296871,62897.85434895072,67253.56263714023
1997-06-01,1506.7271093722243,17.333944734034137,261.17524443129145,2.914029719140649,5.073445243898332,2.4161374669455737,54180.779354513805,52381.39119973646,65769.0310981314,70879.8626929833
1997-07-01,1506.7271093722243,17.333944734034137,261.17524443129145,3.3240072188140366,5.293899705766371,2.5167136993329917,59381.014278683964,58714.874028907616,68828.00387636098,74188.60111507328
1997-08-01,1506.7271093722243,17.333944734034137,261.17524443129145,3.5920291144836893,5.707476049313268,2.4730779097762166,61521.41347031237,62272.274296100324,71181.02706283558,78475.08619466274
1997-09-01,1506.7271093722243,17.333944734034137,261.17524443129145,3.243171258981037,5.379605186126658,2.4850199313257293,58943.64656621122,58072.712472008374,69569.53449446902,75449.94520495861
1997-10-01,1506.7271093722243,17.333944734034137,261.17524443129145,3.4782561790871926,5.665550517863416,2.4603692228756366,61048.76779046372,61346.970875932304,71334.58977395744,78531.83644170291
1997-11-01,1506.7271093722243,17.333944734034137,261.17524443129145,3.1847191346623,5.470215381644498,2.467919445869677,58827.60006767824,57772.314708790145,70475.49232203142,76822.56238127944
1997-12-01,1506.7271093722243,17.333944734034137,261.17524443129145,3.3382721217058395,5.714115082847834,2.5114249911197066,61025.49699578349,60377.24173356782,72928.99399487588,79991.26026643053
1998-01-01,1540.367450407448,17.54410642927719,270.2437049014262,3.4932170552086115,5.8040072391639095,2.5851639894225835,63607.87863855813,63192.469931495754,74843.53180456432,81792.46088256293
1998-02-01,1540.367450407448,17.54410642927719,270.2437049014262,3.7185597658308795,5.862918942518443,2.584600584125982,65922.82019632979,66516.6162431774,75485.45745126816,82680.90416105413
1998-03-01,1540.367450407448,17.54410642927719,270.2437049014262,3.967329705519541,6.275956847924718,2.591123653155465,68481.35578774873,70166.27725216666,78509.9018074224,87371.91801713934
1998-04-01,1540.367450407448,17.54410642927719,270.2437049014262,4.5060412998569905,6.589413995868993,2.569256423412401,73112.06983483568,77434.23116850622,80409.47837702929,90730.71224722208
1998-05-01,1540.367450407448,17.54410642927719,270.2437049014262,4.57930366654688,6.6492226094008196,2.5671379800292065,73946.525335789,78632.74791397688,81011.48892232281,91599.8891666309
1998-06-01,1540.367450407448,17.54410642927719,270.2437049014262,4.710902350781335,6.524042860041036,2.5880283774716815,75580.17022789615,80757.75612216431,80848.78285914133,90763.12420725655
1998-07-01,1540.367450407448,17.54410642927719,270.2437049014262,4.941464294333429,6.7813396322686526,2.5666367367880967,77387.58577087212,83825.46866670011,82379.16107041093,93530.46815005604
1998-08-01,1540.367450407448,17.54410642927719,270.2437049014262,4.745324427886465,6.70257215550203,2.614854757863993,76848.88930969278,81993.9664218729,82944.78078204766,93425.19825587107
1998-09-01,1540.367450407448,17.54410642927719,270.2437049014262,4.132839954355872,5.725359131395242,2.6140821723171648,72148.29292096244,74320.86208089591,77156.23262860245,83472.7256228215
1998-10-01,1540.367450407448,17.54410642927719,270.2437049014262,3.62930417216718,6.0825958632071435,2.667263290839484,68757.24062161933,68177.79024456145,80618.41437486734,88073.75623326814
1998-11-01,1540.367450407448,17.54410642927719,270.2437049014262,4.120012867599134,6.5709932057320115,2.6919001854994677,73993.27475598971,75519.07468589446,84497.5816071,93851.2399070311
1998-12-01,1540.367450407448,17.54410642927719,270.2437049014262,4.357219968077939,6.959509725607361,2.714531120495718,76704.60866706452,79209.0132643526,87621.01478688032,98480.52263630142
1999-01-01,1574.7588714079334,17.756816184919945,279.62703815162655,4.6743697022955875,7.35185408435902,2.7810218257883728,80715.2067976883,84297.73410271037,91443.58214167814,103527.1048453463
1999-02-01,1574.7588714079334,17.756816184919945,279.62703815162655,4.99939429715688,7.6533495095969295,2.7845660496507083,83852.4663179705,89000.34710508231,93656.50359088097,107023.90796559921
1999-03-01,1574.7588714079334,17.756816184919945,279.62703815162655,4.750717229404473,7.406279776655859,2.8386519714251888,82860.97490709263,86391.89391000997,93333.96158873991,105231.9743032557
1999-04-01,1574.7588714079334,17.756816184919945,279.62703815162655,4.818540358608226,7.693600589690151,2.8954503295575638,84561.05934571801,88028.69684173606,96357.75338360955,109099.78977029571
1999-05-01,1574.7588714079334,17.756816184919945,279.62703815162655,5.118885368994423,7.9855267827800915,2.8878813592769466,87365.55394501875,92365.99048138499,98339.53708666634,112412.88169261186
1999-06-01,1574.7588714079334,17.756816184919945,279.62703815162655,5.013763964123116,7.786124339603339,2.8691991948533766,86465.52084822164,91073.61429781906,97073.28430040131,110405.4517445983
1999-07-01,1574.7588714079334,17.756816184919945,279.62703815162655,5.344877333732033,8.209987954499969,2.832389391009196,89045.63145130148,95572.07478679101,99372.47421841492,114838.68915018259
1999-08-01,1574.7588714079334,17.756816184919945,279.62703815162655,5.011560520806245,7.946889921980313,2.883253739590322,87348.27565402102,91810.73161987701,98952.12221845519,112873.7890911606
1999-09-01,1574.7588714079334,17.756816184919945,279.62703815162655,5.3428126320272495,7.8971893437798855,2.9042911552275332,90833.32291611227,96809.18255959044,99283.31930514183,112829.86735979439
1999-10-01,1574.7588714079334,17.756816184919945,279.62703815162655,5.321936832892536,7.67171043271353,2.9412538974622096,91513.5100723263,97113.1362440344,98777.37445460289,111052.36794861808
1999-11-01,1574.7588714079334,17.756816184919945,279.62703815162655,5.651403424509815,8.151495685330909,3.0381971030508743,96133.9475066885,102701.97822136307,103773.58969598643,117455.93468970548
1999-12-01,1574.7588714079334,17.756816184919945,279.62703815162655,6.165029402797203,8.306878346472898,3.0443738406283303,100879.84742682797,110034.33137575646,105147.76276903586,119474.45585418188
2000-01-01,1609.9181415590356,17.972104894374226,289.33617711455,6.986874685822138,8.78738054316362,3.05256245806528,108028.87985386237,121398.96848105505,108619.58782723703,125027.28214866338
2000-02-01,1609.9181415590356,17.972104894374226,289.33617711455,6.611678858860721,8.340071688931692,3.079762797489837,105898.93972241483,117069.3888154474,106628.29874781233,120821.88788908428
2000-03-01,1609.9181415590356,17.972104894374226,289.33617711455,7.274206865579088,8.172368833046669,3.1946974779966055,113470.15405660865,127249.22909542172,107835.23784146551,120416.34957104769
2000-04-01,1609.9181415590356,17.972104894374226,289.33617711455,7.401955045358886,8.962798943821646,3.2450191419662944,115649.52984821938,129715.70499341699,114188.76676575461,129914.86042025368
2000-05-01,1609.9181415590356,17.972104894374226,289.33617711455,7.525772024032098,8.686782776440758,3.213524687216324,116344.9189835081,131317.67779779143,112165.7100996024,126888.35547864033
2000-06-01,1609.9181415590356,17.972104894374226,289.33617711455,7.455513271670836,8.496411492314161,3.184340095512492,115562.86071896585,130389.40162007275,110716.65434148755,124804.02440900091
2000-07-01,1609.9181415590356,17.972104894374226,289.33617711455,7.494446433191849,8.699760778322371,3.238550341397956,117137.60697548474,131744.3517732399,113273.33264746093,127864.77938974574
2000-08-01,1609.9181415590356,17.972104894374226,289.33617711455,7.567094372742493,8.55759558714352,3.3497562852744993,120005.830402675,134122.45826451352,114581.95381448948,127684.67148126614
2000-09-01,1609.9181415590356,17.972104894374226,289.33617711455,7.710870889618343,9.077033979735926,3.368156253700122,121764.82730048735,136507.24362176924,118663.49619379918,133962.10727454643
2000-10-01,1609.9181415590356,17.972104894374226,289.33617711455,7.133133261823625,8.59162706788765,3.4623021667916487,119194.31462624193,130079.62216958156,117438.4124038142,129814.70645357575
2000-11-01,1609.9181415590356,17.972104894374226,289.33617711455,7.462982100739514,8.549043364256415,3.4381576350791336,121823.92628038915,134653.51498420042,117027.23036563794,129395.16328822677
2000-12-01,1609.9181415590356,17.972104894374226,289.33617711455,6.8917506051132715,7.86453334433329,3.301923076923077,115037.34628611793,125878.97772961689,110312.90219541651,120632.33340950555
2001-01-01,1645.8624044477576,18.190003825612404,299.38243433336345,6.907743832087083,7.8964118026005465,3.329272407940956,115946.62697486772,126658.10853706452,111292.71087362104,121548.243154291
2001-02-01,1645.8624044477576,18.190003825612404,299.38243433336345,6.884734243587689,8.169916475467891,3.3656539842917477,116686.42115577956,126987.0919880083,114127.58402769966,125337.20016845339
2001-03-01,1645.8624044477576,18.190003825612404,299.38243433336345,6.18646186725715,7.4159088758242095,3.4002002999565857,111667.29966931908,117952.74883040656,109746.23097145525,117282.61265035156
2001-04-01,1645.8624044477576,18.190003825612404,299.38243433336345,6.052218881154761,6.939772591107612,3.3781880254173737,110393.66427931045,116141.5954293871,106167.26238672405,111744.60637088561
2001-05-01,1645.8624044477576,18.190003825612404,299.38243433336345,6.565531699803436,7.4728467927202065,3.522939771875123,117739.63542975186,125072.93757091174,112818.80692908859,119678.71599928937
2001-06-01,1645.8624044477576,18.190003825612404,299.38243433336345,6.3245437488221645,7.510884983316175,3.494822788806883,115408.3535072176,121679.6614687491,112955.11393239824,120196.19639132383
2001-07-01,1645.8624044477576,18.190003825612404,299.38243433336345,6.049052740937688,7.323086520894731,3.4666850850534794,112729.60687266289,117758.93919355603,111387.64427629007,117999.65152350927
2001-08-01,1645.8624044477576,18.190003825612404,299.38243433336345,5.8843658810971755,7.244198580001732,3.4647847022141534,111463.54618942719,115637.67245790808,111056.53459047248,117329.49923452074
2001-09-01,1645.8624044477576,18.190003825612404,299.38243433336345,5.464924504602517,6.779784549909976,3.481316848877136,108056.25504218336,109892.94993676351,108061.04022041382,112127.48501561192
2001-10-01,1645.8624044477576,18.190003825612404,299.38243433336345,4.751819234209057,6.225717466540861,3.547797687176856,102337.37908845597,99962.2177170965,104976.6563659573,106089.59707987926
2001-11-01,1645.8624044477576,18.190003825612404,299.38243433336345,5.01621091312651,6.338397420096465,3.518656510241938,105063.49896011765,104227.7613405823,105794.89817809983,107611.22333723058
2001-12-01,1645.8624044477576,18.190003825612404,299.38243433336345,5.148841665067209,6.8148921768497335,3.4473092710265623,105686.66527246566,106065.66111882559,108998.30099969929,113432.43010664318
2002-01-01,1682.60918642193,18.41054462570867,309.77751514248297,5.35574448285842,6.8665070395311245,3.499499743458183,108919.93799225867,109973.51754675114,110545.93487992091,114815.87344992853
2002-02-01,1682.60918642193,18.41054462570867,309.77751514248297,5.200277427860363,6.759569209332794,3.500957098314718,107671.52607120154,107900.50337237031,110017.91870148455,113796.51225342973
2002-03-01,1682.60918642193,18.41054462570867,309.77751514248297,5.152147113188664,6.619198568594144,3.4617081738169473,106879.48747177275,107158.87354923422,108568.66791507017,112015.0072848532
2002-04-01,1682.60918642193,18.41054462570867,309.77751514248297,5.419623952525114,6.862380595638523,3.471399534277933,110113.23098881633,111716.06465799367,111024.76558906201,115489.66431196115
2002-05-01,1682.60918642193,18.41054462570867,309.77751514248297,5.1895263686542945,6.440909471300289,3.442735919801082,107630.89748802377,108237.9358219325,107466.7343050753,110241.21430400058
2002-06-01,1682.60918642193,18.41054462570867,309.77751514248297,4.926201584419182,6.382416472045615,3.414180842246517,104763.63256354642,104204.15074115549,106842.85269027983,109571.533300153
2002-07-01,1682.60918642193,18.41054462570867,309.77751514248297,4.50699238776516,5.919976228412395,3.473066069384694,101519.27201029017,98312.57457229223,104203.33450108474,104399.47953557271
2002-08-01,1682.60918642193,18.41054462570867,309.77751514248297,3.9744505479734102,5.45227279758495,3.532595611161542,96701.37781657638,90331.24119668682,101289.89797985452,98970.61385338391
2002-09-01,1682.60918642193,18.41054462570867,309.77751514248297,3.8801614652523946,5.478887703615174,3.5437147255002563,96016.28058642348,89104.8493877503,102006.30427861396,99720.60959709706
2002-10-01,1682.60918642193,18.41054462570867,309.77751514248297,3.2353892702736466,4.876076819243305,3.5220566760074203,88055.06373062328,78173.4679307165,96392.77981928895,91649.25293992335
2002-11-01,1682.60918642193,18.41054462570867,309.77751514248297,3.6245025798043535,5.29760781060192,3.51052413466472,93515.775080578,85470.56924621758,100711.26427234228,97826.23287989011
2002-12-01,1682.60918642193,18.41054462570867,309.77751514248297,3.8586248030103083,5.599940278996742,3.4952085882306507,96641.85274941068,89827.80901572114,103675.12947553516,102216.49199913158
2003-01-01,1720.1764051360192,18.63375932543538,320.5335313059721,3.5454762069975843,5.262081479562303,3.4635276473142045,92602.89171018501,84477.27529645519,100398.30822764368,97680.16236390466
2003-02-01,1720.1764051360192,18.63375932543538,320.5335313059721,3.4490646607577724,5.1178231329269614,3.498085803370565,92126.34119694935,83285.64936589154,99843.52116085503,96235.94882952157
2003-03-01,1720.1764051360192,18.63375932543538,320.5335313059721,3.213342095528307,5.030801673246716,3.465708252752891,88872.38646271815,79144.41405715181,98853.1392563008,95106.52862626046
2003-04-01,1720.1764051360192,18.63375932543538,320.5335313059721,3.047541905037327,5.07284693873733,3.4293296364999803,86433.69178821657,76194.52191966459,99067.94115469472,95773.62962165501
2003-05-01,1720.1764051360192,18.63375932543538,320.5335313059721,3.415988094143747,5.483971289748257,3.395145439475866,91548.3253375571,83234.08291422772,102909.14725495924,101676.90703308785
2003-06-01,1720.1764051360192,18.63375932543538,320.5335313059721,3.500940998955842,5.763098351932112,3.421632395311205,93364.32933088575,85269.42649865118,106250.07093176128,106077.16415446687
2003-07-01,1720.1764051360192,18.63375932543538,320.5335313059721,3.5785643826036417,5.8283493886765,3.386766389075266,94244.22132813644,86790.6936205049,106630.76005117147,107028.24074495603
2003-08-01,1720.1764051360192,18.63375932543538,320.5335313059721,3.712192658420638,5.922906792068606,3.453483048506137,97252.62499060725,89969.31294934334,108866.53786939218,109178.16322629657
2003-09-01,1720.1764051360192,18.63375932543538,320.5335313059721,3.8684479922922717,6.0287681110285,3.4411078659667678,99445.71267908519,93049.520172141,109964.91257377768,110864.41238072742
2003-10-01,1720.1764051360192,18.63375932543538,320.5335313059721,3.638303972453324,5.956758306708784,3.4305610372182973,96655.70618181449,89146.93738951218,109460.19703898765,110106.84367923514
2003-11-01,1720.1764051360192,18.63375932543538,320.5335313059721,3.9223074861047555,6.284150598775153,3.3829922642775387,100078.55613659517,94377.50068589668,112029.88081341125,114584.41377646392
2003-12-01,1720.1764051360192,18.63375932543538,320.5335313059721,4.001960178188949,6.328947191903643,3.3426204759837392,100818.11152975899,95853.90094409592,112081.24870819395,115175.70342896583
2004-01-01,1758.582378287741,18.859680343915123,331.66301512948814,4.1327006464514895,6.650239618661682,3.4033606977937407,103712.59846677571,98969.6108349068,116276.18307316923,120415.81114370147
2004-02-01,1758.582378287741,18.859680343915123,331.66301512948814,4.245082201681049,6.765131731628924,3.408196511031298,105528.08498861734,101354.9090786596,117694.87029308821,122350.51128217243
2004-03-01,1758.582378287741,18.859680343915123,331.66301512948814,4.332076307067718,6.847727047271857,3.495284564076252,108289.29192519163,103891.83384539357,120248.70111363671,124584.09629390514
2004-04-01,1758.582378287741,18.859680343915123,331.66301512948814,4.230782188667003,6.735705630940444,3.429834826538264,106341.05918436965,101915.2229374583,118470.9570598193,122803.99933647791
2004-05-01,1758.582378287741,18.859680343915123,331.66301512948814,4.235815677724319,6.6226080684134025,3.3926382365710226,106159.3459025196,102061.50678090991,117165.60254293111,121256.23110902468
2004-06-01,1758.582378287741,18.859680343915123,331.66301512948814,4.254186199749332,6.702632022522411,3.412143308205391,107026.38028937217,102871.840432231,118541.95415591045,122861.07195378462
2004-07-01,1758.582378287741,18.859680343915123,331.66301512948814,4.348324648720081,6.823205661740931,3.4303054821012746,108827.04631161503,105047.68914952799,120255.33056556553,125013.8371091735
2004-08-01,1758.582378287741,18.859680343915123,331.66301512948814,4.2016606074359215,6.58923439480785,3.478939890279039,108094.87071010287,103094.33590964446,119377.66662428672,122573.51538578024
2004-09-01,1758.582378287741,18.859680343915123,331.66301512948814,4.1822112985903885,6.604306282231569,3.451429727276315,107748.96341685878,102864.2765235244,119373.86181315407,122873.1383833242
2004-10-01,1758.582378287741,18.859680343915123,331.66301512948814,4.2404547441987,6.666148184199505,3.4693254923629473,109110.24863418764,104403.68041259437,120573.90431969598,124227.003191521
2004-11-01,1758.582378287741,18.859680343915123,331.66301512948814,4.288747301612697,6.759569209332794,3.4394452776571818,109593.34825305367,105402.29791579736,121231.2107222268,125596.89475333858
2004-12-01,1758.582378287741,18.859680343915123,331.66301512948814,4.351142802322347,7.020215614359287,3.419799108023839,110409.22959203768,106733.54217825121,123553.95094755065,129381.4310628121
2005-01-01,1797.8458325497297,19.08834049332918,343.1789340622212,4.442578904465002,7.248325753979947,3.5162598176579705,113469.62469066777,109511.56300134471,127646.98405143108,133789.98526956092
2005-02-01,1797.8458325497297,19.08834049332918,343.1789340622212,4.5395700508679635,7.065012207487777,3.4566414729447055,114089.50648468222,111183.70500868338,125293.90683590081,131028.35193639003
2005-03-01,1797.8458325497297,19.08834049332918,343.1789340622212,4.669034945737738,7.1985645786735235,3.4841457157516675,116513.45692291803,114126.2066222042,127319.80003048133,133489.83233557447
2005-04-01,1797.8458325497297,19.08834049332918,343.1789340622212,4.717930604445097,7.060944900529941,3.561112207443659,118753.63911332875,115996.03673790598,127852.22941005006,132656.21579830552
2005-05-01,1797.8458325497297,19.08834049332918,343.1789340622212,4.556386666837594,6.918959310412235,3.6474365552354264,118503.07457925376,114063.36099888162,128459.56747574027,131802.67292259642
2005-06-01,1797.8458325497297,19.08834049332918,343.1789340622212,4.785023216589285,7.126196302317137,3.6869854363184293,122461.91748726138,119008.45457031934,131422.9986165412,135463.95333575847
2005-07-01,1797.8458325497297,19.08834049332918,343.1789340622212,4.899619824127748,7.1251792930562745,3.638870031969057,123472.44968894904,121100.96817195839,130899.26016596994,135350.67940687947
2005-08-01,1797.8458325497297,19.08834049332918,343.1789340622212,5.169648376542026,7.381459786108643,3.6582004578284724,127545.99984659241,126610.57589820027,133944.23206579857,139524.86005325918
2005-09-01,1797.8458325497297,19.08834049332918,343.1789340622212,5.130459817196312,7.2986242722985715,3.659551249161306,127429.2952578326,126245.61324358148,133560.57237729337,138706.59695350748
2005-10-01,1797.8458325497297,19.08834049332918,343.1789340622212,5.346535437569556,7.3493425898454765,3.6169988554288195,129715.0360731114,130209.54553277815,133591.30381912744,139369.4706732629
2005-11-01,1797.8458325497297,19.08834049332918,343.1789340622212,5.141141222450189,7.218959520311849,3.629517109365749,127791.09651212126,126913.7580088985,132980.65223598795,137978.84498517436
2005-12-01,1797.8458325497297,19.08834049332918,343.1789340622212,5.313737486764294,7.472966526760969,3.668208548762679,130960.49073412111,130790.69108720067,136372.1674963586,142330.94773875893
2006-01-01,1837.9859127006255,19.319772983683098,355.09470580583667,5.487922767256026,7.4658496521917765,3.608629672021155,132398.51260993874,133830.2186430703,135554.84995473226,142006.44766077347
2006-02-01,1837.9859127006255,19.319772983683098,355.09470580583667,5.737098738519654,7.655980738151235,3.655956703635001,136627.54696446293,139181.47079591712,138524.9150208832,145539.47886389703
2006-03-01,1837.9859127006255,19.319772983683098,355.09470580583667,5.8089346149203624,7.659450104990874,3.560413624343845,136052.73771345767,139934.2881340164,137101.32355788772,144993.17249037462
2006-04-01,1837.9859127006255,19.319772983683098,355.09470580583667,6.090584051504655,7.792344669038045,3.5014159134862055,138578.9002835474,144798.2828087879,137509.88366147163,146634.38384461644
2006-05-01,1837.9859127006255,19.319772983683098,355.09470580583667,6.016103590089865,7.838576610484449,3.4970971306784553,138001.20468263875,143780.6969217724,138188.09606481303,147596.74820228328
2006-06-01,1837.9859127006255,19.319772983683098,355.09470580583667,5.714320763568603,7.59599325364388,3.477070095117812,134499.90644581144,138520.64229772394,136009.2264478576,144314.73137081604
2006-07-01,1837.9859127006255,19.319772983683098,355.09470580583667,5.760641774360218,7.596053120664261,3.5110401783952323,136057.15262402216,140056.2142493143,137029.24475906292,145023.15860810885
2006-08-01,1837.9859127006255,19.319772983683098,355.09470580583667,5.8115327639663175,7.646710841105171,3.5328156451039976,137435.1423961398,141556.43550828713,138266.18785467884,146328.4761350558
2006-09-01,1837.9859127006255,19.319772983683098,355.09470580583667,6.009887399576037,7.7978473243137945,3.5599232347949634,140662.9265086294,145806.6929494555,140518.15532925495,149133.39438726415
2006-10-01,1837.9859127006255,19.319772983683098,355.09470580583667,6.110381063818848,7.989353891570787,3.5659707147649686,142313.53772694804,148052.27836231832,142718.08962884973,152298.7391128469
2006-11-01,1837.9859127006255,19.319772983683098,355.09470580583667,6.206328533523534,8.240191596367788,3.527226980305482,143012.85483725026,149748.81048328913,144538.3029174735,155826.39298943113
2006-12-01,1837.9859127006255,19.319772983683098,355.09470580583667,6.19503270113041,8.37697386631165,3.4794115325413424,142268.4558177476,149391.9898450291,145113.3345013288,157593.35703321084
2007-01-01,1879.0221909600295,19.554011427630005,367.4242139480279,6.4665800494778285,8.481040999874152,3.483357343016142,145834.5815952337,154713.00138063089,146464.41263307355,159473.79727617232
2007-02-01,1879.0221909600295,19.554011427630005,367.4242139480279,6.569022325505106,8.599880685758466,3.5062300193393066,147835.94189882345,157172.59702327562,148338.85803816462,161778.9658544386
2007-03-01,1879.0221909600295,19.554011427630005,367.4242139480279,6.38114013329269,8.413876043691609,3.4863707226585627,145670.54879887745,153945.96620714827,146681.99459544301,159293.00371869488
2007-04-01,1879.0221909600295,19.554011427630005,367.4242139480279,6.521831489749544,8.497786973611694,3.4369153806685877,146610.65202173786,156313.09669992203,146740.47612994295,160286.9842481192
2007-05-01,1879.0221909600295,19.554011427630005,367.4242139480279,6.941435392132648,8.865849414913951,3.4148537711646996,151223.8722952419,163972.37240668907,149814.8018008975,165604.0387505737
2007-06-01,1879.0221909600295,19.554011427630005,367.4242139480279,7.089862301328765,9.154425975205015,3.3817973714330822,152476.14972709547,166572.61006613428,151895.28700244785,169613.40653097478
2007-07-01,1879.0221909600295,19.554011427630005,367.4242139480279,6.9830709004817555,8.99916304810379,3.436410190630303,152926.40675661748,165730.7755654049,152201.08952784853,168508.06843993114
2007-08-01,1879.0221909600295,19.554011427630005,367.4242139480279,6.5203353455081725,8.70323014516201,3.5078077515096497,149815.63059017714,158722.3835935799,151647.1107775182,165594.7800557012
2007-09-01,1879.0221909600295,19.554011427630005,367.4242139480279,6.591069783396593,8.815550166509713,3.443888384575917,149630.70370421154,159658.14583166855,151611.42124836153,166810.65563108164
2007-10-01,1879.0221909600295,19.554011427630005,367.4242139480279,6.576792988366611,9.134509969729738,3.4390140900659114,149730.18213289708,159709.70272627502,154614.3182369181,171645.65058196415
2007-11-01,1879.0221909600295,19.554011427630005,367.4242139480279,6.7866756362100915,9.245155904763617,3.4846558392864195,153480.3380838192,164429.59933710823,156944.16242054192,174141.93692012553
2007-12-01,1879.0221909600295,19.554011427630005,367.4242139480279,6.557436551457333,8.84946191321308,3.4802906816118715,151159.51609151615,160579.97451157047,153854.66998048272,168864.85030998988
2008-01-01,1920.9746765318764,19.79108984535243,380.1818241388919,6.506267512334764,8.779724865410998,3.564324900343371,152774.86309459538,160989.70803506108,155486.10380127904,169266.33580742116
2008-02-01,1920.9746765318764,19.79108984535243,380.1818241388919,5.724364523699171,8.24521531548049,3.560910920787781,143901.87567242185,146820.90838807554,151058.82570636913,161877.28653747216
2008-03-01,1920.9746765318764,19.79108984535243,380.1818241388919,5.4778331374496245,7.957236695307621,3.5213472392153764,140383.92965524102,142050.9194276578,147961.83681123532,157567.4455912049
2008-04-01,1920.9746765318764,19.79108984535243,380.1818241388919,5.438899409636317,7.933074511898981,3.4659707147649685,139161.38651410225,141115.40915760057,146953.95516456742,156969.31237250153
2008-05-01,1920.9746765318764,19.79108984535243,380.1818241388919,5.865542891529068,8.28929423445002,3.4206595098077908,144090.0454805884,149336.5197429214,149672.90523533992,162122.78059089294
2008-06-01,1920.9746765318764,19.79108984535243,380.1818241388919,5.809201338590948,8.370933137938087,3.3894008761889722,143119.83680253016,148299.694729818,150106.26035696978,163330.11115517118
2008-07-01,1920.9746765318764,19.79108984535243,380.1818241388919,5.115487048936714,7.635705530553672,3.4281130362710655,135771.9102179644,135821.26008095418,144751.67103868877,153417.57525341143
2008-08-01,1920.9746765318764,19.79108984535243,380.1818241388919,5.0391972836418395,7.59222528178795,3.562352488455618,137797.9815166516,136011.90125663535,147553.84333076008,154644.4460624902
2008-09-01,1920.9746765318764,19.79108984535243,380.1818241388919,5.167444366932859,7.702332413638401,3.690549394166634,142411.0754748213,140211.85138586652,151658.96312624062,158097.97114205698
2008-10-01,1920.9746765318764,19.79108984535243,380.1818241388919,4.721862088697829,6.962739624365476,4.009399297470103,142803.18940163127,134552.76065609677,151309.2406214631,150507.27016722286
2008-11-01,1920.9746765318764,19.79108984535243,380.1818241388919,4.0743994390291665,5.793480864775459,4.157140742787229,136023.8318157346,122335.04295059004,141772.45795379227,133317.84408562322
2008-12-01,1920.9746765318764,19.79108984535243,380.1818241388919,3.7823817568297087,5.314653119441368,4.065689505466314,130033.3419504012,115466.4874687065,134734.53801140134,124700.84439181071
2009-01-01,1963.863825360881,20.031042669503314,393.3824008289782,3.7585136692122534,5.400657934903559,4.2211696333425435,132502.81552871113,116417.31346326439,138794.35643267728,127799.91577165296
2009-02-01,1963.863825360881,20.031042669503314,393.3824008289782,3.397176713567671,4.922787331809949,4.134703200852508,125169.80927978389,107820.40458456888,131625.68281557213,119057.67058007747
2009-03-01,1963.863825360881,20.031042669503314,393.3824008289782,3.0535726348247922,4.363457061246608,4.055305482101274,118031.30041303312,99517.13347427851,123277.57945716806,108733.93700312827
2009-04-01,1963.863825360881,20.031042669503314,393.3824008289782,3.238752763355261,4.74635192189106,4.0628981331649365,122114.10737455125,104483.41669022947,129195.19172132792,116334.29471761946
2009-05-01,1963.863825360881,20.031042669503314,393.3824008289782,3.688359397779278,5.219736878969783,3.9300104590125113,128986.45597086918,114900.81139584258,133918.48531683104,124478.51244750085
2009-06-01,1963.863825360881,20.031042669503314,393.3824008289782,3.872901314894143,5.52189011134627,3.970307258160003,133267.95554726507,119900.4072140412,138874.48993180878,130595.21916980721
2009-07-01,1963.863825360881,20.031042669503314,393.3824008289782,3.668956524901873,5.507296795042792,3.9957976477088843,130580.23761868752,115750.82178863515,139530.16766108354,130939.36132108855
2009-08-01,1963.863825360881,20.031042669503314,393.3824008289782,3.9750420402747397,5.922368353927983,4.025879149070529,136912.02090276626,123604.50635987738,145706.7860721419,138980.6167041063
2009-09-01,1963.863825360881,20.031042669503314,393.3824008289782,4.2644038116142315,6.097607883610482,4.043843983107709,142594.10809929456,130884.08959053807,148580.9556380472,142613.31210805723
2009-10-01,1963.863825360881,20.031042669503314,393.3824008289782,4.40946751087488,6.3092706545098896,4.009534475273316,144807.91576644543,134339.1014183029,150922.8322332393,146417.03881685404
2009-11-01,1963.863825360881,20.031042669503314,393.3824008289782,4.179381252849945,6.197249238178476,4.064953427793346,142424.00811343457,129939.3193132377,151019.40542924378,145366.62629993522
2009-12-01,1963.863825360881,20.031042669503314,393.3824008289782,4.314656589804726,6.572308820009164,4.038640131033667,144661.361417872,133276.76045853863,155493.86995812578,152122.98890169893
2010-01-01,2007.710550106814,20.273904750206913,407.04132458851075,4.5836411823745795,6.677990902950723,4.174023167699412,152002.31105125425,141032.28668623423,159757.30218358713,155639.48659306605
2010-02-01,2007.710550106814,20.273904750206913,407.04132458851075,4.30641052456221,6.422787286179598,4.261710147215535,149409.2187725168,135782.51964105375,158789.80417953583,152403.042566623
2010-03-01,2007.710550106814,20.273904750206913,407.04132458851075,4.337016924188779,6.611004817743709,4.222633895094131,149662.22095538842,136602.0807280111,160795.50167114745,155810.32070112458
2010-04-01,2007.710550106814,20.273904750206913,407.04132458851075,4.635042118191638,7.004964125874426,4.281688834510795,156257.94209499907,144526.85457306702,167117.950161621,163725.8480455489
2010-05-01,2007.710550106814,20.273904750206913,407.04132458851075,4.403390345119288,7.108731924335022,4.594665903619213,158471.19139540603,142157.5921156789,174870.66988412506,168943.85220263732
2010-06-01,2007.710550106814,20.273904750206913,407.04132458851075,4.0379129433653995,6.5029908413497495,4.68270414808383,153819.9808791525,134396.38936058193,169502.61769980693,159363.28862960322
2010-07-01,2007.710550106814,20.273904750206913,407.04132458851075,3.9278860314952735,6.166865995249515,4.561542408335636,150141.3504062248,131187.50617445662,163336.17445227673,152561.63097903773
2010-08-01,2007.710550106814,20.273904750206913,407.04132458851075,4.263162782051413,6.623983549710936,4.767965820736472,160353.45146773403,141477.13782084704,173492.5691345799,163176.08705122903
2010-09-01,2007.710550106814,20.273904750206913,407.04132458851075,4.068310664281542,6.278229604442352,4.542766507479181,153309.04925511117,135363.860825418,165274.5122768404,155268.3445002547
2010-10-01,2007.710550106814,20.273904750206913,407.04132458851075,4.317729858085545,6.839055090343988,4.524118877530884,158100.95154412728,141856.1339762537,172724.2061504866,165918.47367119213
2010-11-01,2007.710550106814,20.273904750206913,407.04132458851075,4.482544416838407,7.0915668814548125,4.599746418281565,162846.92336722848,146917.16494032412,177763.58570738125,171613.44505871832
2010-12-01,2007.710550106814,20.273904750206913,407.04132458851075,4.2152994741964465,7.096889935669418,4.5408779650313775,157357.50365260697,140284.8436547627,177099.816712703,171568.0128259248
2011-01-01,2052.5362303414718,20.519711360120343,421.17451002796486,4.462352698795131,7.521650825786149,4.441649563878912,160670.62980212193,146106.0675859234,180885.83856059212,178753.37780244937
2011-02-01,2052.5362303414718,20.519711360120343,421.17451002796486,4.682140082010945,7.710167692452165,4.425792319532699,164761.80872973768,151794.03623043897,183250.91225173263,182375.112136973
2011-03-01,2052.5362303414718,20.519711360120343,421.17451002796486,4.785962695505423,7.94641171590288,4.319294904684848,165027.3884035361,153826.49054482408,184274.76950324958,185890.22760084432
2011-04-01,2052.5362303414718,20.519711360120343,421.17451002796486,4.655975962286511,7.951435435015582,4.263216837036745,162136.20327691763,150614.93154519337,183557.95945477477,185796.18159281902
2011-05-01,2052.5362303414718,20.519711360120343,421.17451002796486,4.798824326092109,8.1651314943511,4.394570193787741,167542.37729345143,155661.97264365185,189273.49712240163,191393.46679196367
2011-06-01,2052.5362303414718,20.519711360120343,421.17451002796486,4.656277512933191,8.045454400267065,4.366527213166515,164940.60078933227,152366.91740798022,187703.6684374879,189405.35357699823
2011-07-01,2052.5362303414718,20.519711360120343,421.17451002796486,4.618144239277786,7.898564825077418,4.507701187985949,167352.71576447156,153083.76016970855,189445.66568183844,188763.89612600682
2011-08-01,2052.5362303414718,20.519711360120343,421.17451002796486,4.312139986849142,7.7308013720863995,4.594543552906816,163841.43872029395,146634.59008250336,189679.8189006414,187087.24859795737
2011-09-01,2052.5362303414718,20.519711360120343,421.17451002796486,3.7959741876221065,7.291387663688617,4.84166041757114,158862.74703290427,135863.25695471792,189811.30570611416,182048.60040045515
2011-10-01,2052.5362303414718,20.519711360120343,421.17451002796486,3.378481422911914,6.765609937706357,4.678800765678652,147875.97302117338,123934.92823406475,180196.53319034245,171093.31188225647
2011-11-01,2052.5362303414718,20.519711360120343,421.17451002796486,3.667843194251405,7.482057552831504,4.776758298141059,156177.8229076656,132965.92037702273,192045.04716083658,185998.51677867136
2011-12-01,2052.5362303414718,20.519711360120343,421.17451002796486,3.654830646768305,7.45759603432096,4.998133164936654,159940.92366932513,134573.84726193667,196602.373261812,188118.60601085593
2012-01-01,2098.362722973312,20.768498199556483,435.79842434087664,3.7477045650460252,7.529067035457246,5.024661562142322,162833.32985895523,137752.98388311986,198502.00538606814,190156.1692543459
2012-02-01,2098.362722973312,20.768498199556483,435.79842434087664,3.850796378334791,7.8495811909503335,4.867944113352015,162969.37944996654,139956.6459785237,200067.33805267452,195180.4861173166
2012-03-01,2098.362722973312,20.768498199556483,435.79842434087664,3.994850944727112,8.169258668329315,4.840102419386668,165987.3981644646,144119.05960212633,204004.9174502597,201298.81118409283
2012-04-01,2098.362722973312,20.768498199556483,435.79842434087664,3.988634471067137,8.42386361489663,4.943119745826262,168060.4962536359,145153.51982762077,209790.7800568398,207511.01957995177
2012-05-01,2098.362722973312,20.768498199556483,435.79842434087664,3.786777317617568,8.360406763549635,5.265344160713581,169721.31805740585,142445.37253795756,216274.1607342443,210156.16125033319
2012-06-01,2098.362722973312,20.768498199556483,435.79842434087664,3.5121213077209417,7.834150831489943,5.127953190985516,161787.84236602072,134203.2465236796,207081.47064164985,199299.63447648895
2012-07-01,2098.362722973312,20.768498199556483,435.79842434087664,3.7078203156168428,8.147906584450508,5.333590204049415,169975.07550685346,141592.92943078707,215816.15569745575,207719.89575276777
2012-08-01,2098.362722973312,20.768498199556483,435.79842434087664,3.8257220881306133,8.249521360434233,5.25044006788491,171788.3719789835,144853.66632271197,215915.4292260292,209289.00990337387
2012-09-01,2098.362722973312,20.768498199556483,435.79842434087664,3.945479600492595,8.412320961332933,5.20696511031298,174201.71172047284,148390.40085228364,217587.79470919617,212389.21645392675
2012-10-01,2098.362722973312,20.768498199556483,435.79842434087664,3.8829799020008067,8.617823269818015,5.1376169238662825,172097.7199727444,146569.14934066182,219232.3345032639,216009.14531902818
2012-11-01,2098.362722973312,20.768498199556483,435.79842434087664,3.966958500920669,8.446172110930304,5.109284840352054,173919.99987369927,149180.30658313827,216880.2876905334,212920.2627402355
2012-12-01,2098.362722973312,20.768498199556483,435.79842434087664,4.1379312052272,8.470932964542753,4.989645577613766,176067.44439752345,153564.96463259324,215094.75026119818,212577.77218331542
2013-01-01,2145.212372904834,21.02030140166899,450.9301064904915,4.294221366074929,8.52984430285448,4.783836878872794,176212.27797700747,156782.4905860063,211857.59801367618,211945.4285694569
2013-02-01,2145.212372904834,21.02030140166899,450.9301064904915,4.331333897869974,8.959988114206197,4.905638986462486,179667.94553632644,159247.62423570923,220347.38749630094,221761.4569720418
2013-03-01,2145.212372904834,21.02030140166899,450.9301064904915,4.3055406995982635,9.059091395676377,4.977453921142993,180899.01522808665,159570.1286733769,223629.7717070683,224863.61228812224
2013-04-01,2145.212372904834,21.02030140166899,450.9301064904915,4.325720808649508,9.385048339424833,4.895195761139835,180279.1007028363,159922.71873104578,226256.06534741167,230453.656128943
2013-05-01,2145.212372904834,21.02030140166899,450.9301064904915,4.440305807195939,9.5547253468112,4.8143604215179385,181629.2654872473,162890.61178185945,226884.1883663405,233078.07012406617
2013-06-01,2145.212372904834,21.02030140166899,450.9301064904915,4.557511606480094,9.759031044974277,4.774610253779058,183727.5095737387,166230.04324560057,228824.17112862994,236785.7696113023
2013-07-01,2145.212372904834,21.02030140166899,450.9301064904915,4.362543398789904,9.627871164346926,4.73694991514386,179523.96444711572,161019.75083214662,226834.98064240193,234383.0070131414
2013-08-01,2145.212372904834,21.02030140166899,450.9301064904915,4.635366886822383,10.104187050124667,4.752010893160201,185873.79895673136,169151.0254539301,233257.57688512863,243716.894188849
2013-09-01,2145.212372904834,21.02030140166899,450.9301064904915,4.609828803229226,9.784389838704923,4.718409835418559,185155.55387165654,168604.0021847045,229192.5373318907,237951.77483799428
2013-10-01,2145.212372904834,21.02030140166899,450.9301064904915,4.815258128470835,10.062261153632008,4.742214942574101,190199.12726198515,174902.75753101127,233476.09462613528,243771.1059217297
2013-11-01,2145.212372904834,21.02030140166899,450.9301064904915,4.989350537026311,10.518540569808094,4.682813671705412,192897.09504401672,179548.5953982431,237758.31540076723,251749.12609117647
2013-12-01,2145.212372904834,21.02030140166899,450.9301064904915,4.98079159529123,10.804725369626375,4.5829843706831905,191126.4608930691,178811.60701266877,238909.3750755664,255995.47183819674
2014-01-01,2193.1080239279104,21.275157537700217,466.58718706260714,4.9955786196783185,11.039832649775466,4.750290089592296,195365.3736803899,181308.25469857026,246336.05143855247,262976.1749313056
2014-02-01,2193.1080239279104,21.275157537700217,466.58718706260714,4.824953618840448,10.66196223832933,4.701375458815171,191489.73188426194,176663.63542724604,241318.57004653223,256014.93946118688
2014-03-01,2193.1080239279104,21.275157537700217,466.58718706260714,5.031983852397863,11.11052683981803,4.704812132454513,196134.55092608585,182847.75090373875,246949.67384784762,264606.50976732007
2014-04-01,2193.1080239279104,21.275157537700217,466.58718706260714,5.113109753885511,11.207894707782776,4.728749457315388,198681.13422407373,185757.823659254,249126.5613248703,267148.83880269603
2014-05-01,2193.1080239279104,21.275157537700217,466.58718706260714,5.188598781876336,11.270275412934142,4.819963886805858,202530.58100059157,189177.06823353536,252689.18342227265,270018.87607557286
2014-06-01,2193.1080239279104,21.275157537700217,466.58718706260714,5.246668092604169,11.506399702344096,4.842272171133126,204599.18739979397,191450.45957596216,256387.58641521324,275040.7835578661
2014-07-01,2193.1080239279104,21.275157537700217,466.58718706260714,5.147937296273314,11.736184658364193,4.908616844930339,204542.34198589085,189870.81080738592,261170.62941620732,280568.92611914274
2014-08-01,2193.1080239279104,21.275157537700217,466.58718706260714,4.91317742794405,11.54186653140614,5.007428858980937,202403.83819494687,184798.97090833815,262103.81579140754,278963.4259255066
2014-09-01,2193.1080239279104,21.275157537700217,466.58718706260714,5.08397628051625,11.986064490835098,5.049906263567115,207247.03370582903,190475.64808459082,268725.7376641842,288073.7140674134
2014-10-01,2193.1080239279104,21.275157537700217,466.58718706260714,5.1036804208941895,11.790908955677324,5.076897422741445,208669.0936885116,191750.4275221704,267722.8000265298,285407.44742805726
2014-11-01,2193.1080239279104,21.275157537700217,466.58718706260714,4.900953442480674,12.070633957979375,5.072238228677429,204895.58254945316,186460.52820246754,271242.23852758016,290886.76218179066
2014-12-01,2193.1080239279104,21.275157537700217,466.58718706260714,5.049844145065769,12.355143941398218,5.196954059280896,210993.50709865874,192321.78055130618,278240.11563394265,298283.66874972446
2015-01-01,2242.073029862369,21.53310362229267,482.7879088077408,4.980095622061614,12.313994855999283,5.554889094999408,217285.15611385638,194123.7977543848,287841.3165009537,303157.3739604006
2015-02-01,2242.073029862369,21.53310362229267,482.7879088077408,5.350363007186297,11.941806700890039,5.525102616726525,225262.89601952146,205171.10117738458,283202.3971561021,296361.6080169379
2015-03-01,2242.073029862369,21.53310362229267,482.7879088077408,5.726266699515509,12.591088629747029,5.708512254805226,237397.77928350144,218167.71124917865,296084.662803447,311388.87379742047
2015-04-01,2242.073029862369,21.53310362229267,482.7879088077408,5.810001509602703,12.366207658798869,5.530647866756127,235917.90288774253,219343.78424722882,289310.7004365961,305274.9871355447
2015-05-01,2242.073029862369,21.53310362229267,482.7879088077408,5.86899897340079,12.484329670524225,5.520102024706949,237373.5767927335,221392.5002255002,290899.40731353674,307799.2403576708
2015-06-01,2242.073029862369,21.53310362229267,482.7879088077408,5.8325240867290535,12.611482841299738,5.4179914749181055,234923.2835443254,219819.5223572837,290173.0828553136,309209.82132293715
2015-07-01,2242.073029862369,21.53310362229267,482.7879088077408,5.624207237079135,12.362440417028553,5.491490705292655,232804.22043813363,215159.44164648507,289759.0176432047,306161.73800807155
2015-08-01,2242.073029862369,21.53310362229267,482.7879088077408,5.8879029427669725,12.586662850752521,5.4461094446856375,237782.68141439126,222763.66333409768,291672.2688466372,310176.7333013851
2015-09-01,2242.073029862369,21.53310362229267,482.7879088077408,5.319072526468291,11.78283493886765,5.510979003039034,228195.51008679596,207768.89410080633,284578.53538247285,296726.4425987283
2015-10-01,2242.073029862369,21.53310362229267,482.7879088077408,5.239860126642865,11.481160642654212,5.564140387575483,228079.77598527595,206432.14669481124,282790.89715045824,292227.03511275817
2015-11-01,2242.073029862369,21.53310362229267,482.7879088077408,5.623545807679468,12.444737127655197,5.6985209377590085,239667.26547243938,219498.234079201,298555.4121317479,312868.4785988445
2015-12-01,2242.073029862369,21.53310362229267,482.7879088077408,5.752883003636891,12.457715129536808,5.596257449579666,240755.645306067,222782.481016227,296514.99348401435,312192.31816005975
2016-01-01,2292.1312659432697,21.794177118864976,499.55114789655823,5.314108408217019,12.190191318022647,5.69714054544737,234243.9710060195,211542.27174827375,296503.40279636113,309070.6912724459
2016-02-01,2292.1312659432697,21.794177118864976,499.55114789655823,5.124011446841847,11.584569238992522,5.841472944705372,233521.00937794385,207706.1477615337,293393.4824497894,300011.5274805155
2016-03-01,2292.1312659432697,21.794177118864976,499.55114789655823,5.037945211379284,11.585466514212623,5.71218474957572,229475.13724646912,204439.8430113443,290657.58519017306,298868.48219301726
2016-04-01,2292.1312659432697,21.794177118864976,499.55114789655823,5.02327371062022,12.300359777064708,5.7552097722698035,230504.77010516857,204877.83478050705,301219.43868024304,313762.3067140868
2016-05-01,2292.1312659432697,21.794177118864976,499.55114789655823,5.1676414366512535,12.363456696203801,5.8382997197774005,235980.58658994746,210532.96514326165,304665.97404939984,316601.45686449425
2016-06-01,2292.1312659432697,21.794177118864976,499.55114789655823,5.22224333966148,12.5235644714422,6.066806449066583,242344.88969672655,214760.9293191278,313100.4501854857,323273.90574492194
2016-07-01,2292.1312659432697,21.794177118864976,499.55114789655823,4.941869759616101,12.555861998852123,6.057768283537909,236158.37387435857,206532.8757296232,313770.5107200597,324278.33381630044
2016-08-01,2292.1312659432697,21.794177118864976,499.55114789655823,5.184145459274465,12.9973082656004,6.029579271421241,241897.30428037306,214386.13105340232,319055.8800306352,332951.5126098915
2016-09-01,2292.1312659432697,21.794177118864976,499.55114789655823,5.158676463341204,12.986424149260893,6.014251884595652,241495.19586975535,213959.5008166304,319016.31517250853,333030.35689007305
2016-10-01,2292.1312659432697,21.794177118864976,499.55114789655823,5.158108472170086,12.944558119788615,5.950121364013104,240693.90948406162,213871.01615358447,317300.78892276704,331836.89966098097
2016-11-01,2292.1312659432697,21.794177118864976,499.55114789655823,5.256456454910038,12.731339536444915,5.868997908197498,241847.27672827034,216699.94944532862,313024.0758025878,327105.9589614575
2016-12-01,2292.1312659432697,21.794177118864976,499.55114789655823,5.301525393439097,13.158911256177095,5.861243438449698,243223.857495844,218521.4128976299,318573.1638618152,335736.65352552844
2017-01-01,2343.3071404624166,22.058415945052925,516.8964359133255,5.620182597744001,13.466328405833421,5.777126336977542,249305.14331030732,228105.23779586432,320525.3103878174,340931.56068558735
2017-02-01,2343.3071404624166,22.058415945052925,516.8964359133255,5.551628951480684,13.669797425882393,5.896321585033746,250873.4233165989,227711.93667377997,326770.27269326756,347070.47554154176
2017-03-01,2343.3071404624166,22.058415945052925,516.8964359133255,5.679933796585715,14.235226831668449,5.862858665193196,253577.43265858165,231852.7775526631,333118.0886276103,357861.959903305
2017-04-01,2343.3071404624166,22.058415945052925,516.8964359133255,5.949811715249726,14.128828534739162,5.833186644038363,259476.92291904156,240338.55826923333,331547.11551056884,355919.99544525426
2017-05-01,2343.3071404624166,22.058415945052925,516.8964359133255,6.12922727137102,14.285287342076778,5.744193274657615,261926.71995888266,245374.3061546179,331370.6372517455,358035.3993063191
2017-06-01,2343.3071404624166,22.058415945052925,516.8964359133255,6.136139435114464,14.447667143747195,5.65273019694518,260506.01822574413,245121.9855861693,331132.70846213587,360179.39437174035
2017-07-01,2343.3071404624166,22.058415945052925,516.8964359133255,5.974178140086109,14.541805843039441,5.570077357224612,255680.40350452327,239890.4205477999,330307.53813077166,361139.8307331715
2017-08-01,2343.3071404624166,22.058415945052925,516.8964359133255,5.934409697431097,14.815192242037252,5.588377669021589,255766.31817777085,239406.69220033672,334471.93797567603,367045.43550189165
2017-09-01,2343.3071404624166,22.058415945052925,516.8964359133255,5.934746075053874,14.79916248228744,5.5526078462327835,255471.91489983143,239550.6705263355,333737.45217399683,366677.1379825657
2017-10-01,2343.3071404624166,22.058415945052925,516.8964359133255,6.184942505031715,15.078947351609871,5.608383983897068,262657.0031283287,248243.35551470975,339085.2795710879,373314.0035707476
2017-11-01,2343.3071404624166,22.058415945052925,516.8964359133255,6.40699137652456,15.449820622527577,5.555121956032679,266641.5849539727,254855.10534085013,342162.02857787895,379830.93771959416
2017-12-01,2343.3071404624166,22.058415945052925,516.8964359133255,6.232736442080638,15.81997694937194,5.522771046295931,262756.0633675372,249802.36730569394,345781.47889952327,386620.00437858305
2018-01-01,2395.6256066697947,22.325858478216574,534.8439826130156,6.168497376807104,16.051016922563196,5.406725342384654,259176.2861810573,247094.00327692291,345208.4552156643,389358.65289950476
2018-02-01,2395.6256066697947,22.325858478216574,534.8439826130156,6.390998149550749,16.84479666613705,5.483775703516595,266232.17852340726,255193.77417255536,356738.94543611613,405722.0438123912
2018-03-01,2395.6256066697947,22.325858478216574,534.8439826130156,6.152341623944848,16.23935418816807,5.520252002999565,262681.56593958783,249005.78431902794,352049.21781425254,395994.6016515736
2018-04-01,2395.6256066697947,22.325858478216574,534.8439826130156,5.966570003113049,15.750299038504624,5.514915933220192,259123.5808040731,243841.35606466615,347112.853263282,387489.5889952826
2018-05-01,2395.6256066697947,22.325858478216574,534.8439826130156,6.392007282419078,15.80717708838024,5.643329912775783,271913.4595369786,258835.70750136653,352315.68551812443,391329.57934879593
2018-06-01,2395.6256066697947,22.325858478216574,534.8439826130156,6.309617416530694,16.260167468863447,5.6273789319966845,270311.6030616498,256685.4506427219,357400.81702783983,399998.72324790445
2018-07-01,2395.6256066697947,22.325858478216574,534.8439826130156,6.105475273673883,16.177930625257183,5.587087066345661,265505.88799687754,250532.20494809956,355752.3825859852,398300.3080250283
2018-08-01,2395.6256066697947,22.325858478216574,534.8439826130156,6.402294548236167,16.873026156503524,5.611852231913802,273082.98799316265,260479.44085643213,364718.24425599584,412111.4536040001
2018-09-01,2395.6256066697947,22.325858478216574,534.8439826130156,6.26355180356378,17.326315872088635,5.561117140940127,269424.4395659609,256191.96015606032,368503.466679246,420018.30820027937
2018-10-01,2395.6256066697947,22.325858478216574,534.8439826130156,6.372836589382309,17.501735002832277,5.644330425859415,274325.46092368354,261037.6574598792,373660.7895910054,425313.71442701924
2018-11-01,2395.6256066697947,22.325858478216574,534.8439826130156,5.8876130011123236,16.25346966343692,5.673250582152584,265119.6127670565,247000.4478578817,361827.71858923975,403642.57027516933
2018-12-01,2395.6256066697947,22.325858478216574,534.8439826130156,5.9293997095039925,16.689593606056206,5.753766231203378,268476.5951652312,249726.4535702424,369784.5214044201,413732.6587650991
2019-01-01,2449.112174940717,22.596543561014027,553.4146994685772,5.3838456053752894,14.814354103751919,5.8082715001776055,257950.60535843254,233638.59768909618,351314.9568239732,380400.7019811054
2019-02-01,2449.112174940717,22.596543561014027,553.4146994685772,5.804225894493791,16.162201660780504,5.800007893594349,268391.1451177836,247791.10070589077,367600.2216874889,406776.18114766513
2019-03-01,2449.112174940717,22.596543561014027,553.4146994685772,6.108653306029135,16.735765680482228,5.957832418991989,279634.6271845343,259777.5285422015,379677.73352466093,420923.5526634951
2019-04-01,2449.112174940717,22.596543561014027,553.4146994685772,6.2563610240115715,17.037260375634524,5.93800272329005,283103.4758914705,264825.8670387548,383019.2455937881,426813.92414219864
2019-05-01,2449.112174940717,22.596543561014027,553.4146994685772,6.457812712178468,17.657476866096548,6.077537790582941,291541.0607958536,273330.48965231556,395044.50562287937,441527.8784063293
2019-06-01,2449.112174940717,22.596543561014027,553.4146994685772,5.9978604838310545,16.456519614343225,6.082856099775033,281839.6535474543,259342.90153900746,382336.47073495004,419655.2975235646
2019-07-01,2449.112174940717,22.596543561014027,553.4146994685772,6.476287431985621,17.77159070779884,6.191901172198761,296159.93365696823,276573.7134764741,401593.4957401938,447241.0394506013
2019-08-01,2449.112174940717,22.596543561014027,553.4146994685772,6.379771971109816,17.824881116965283,6.433551722776966,300285.6257856133,276734.2673874475,410585.49491138896,453163.8916395482
2019-09-01,2449.112174940717,22.596543561014027,553.4146994685772,6.359499273268465,17.39838554342873,6.411341121679757,299843.59960125317,276389.3151304105,405518.1403905474,445194.0585038572
2019-10-01,2449.112174940717,22.596543561014027,553.4146994685772,6.606262839358648,17.845035860436468,6.29579370091171,303512.390768232,283740.85154425784,407622.5793380099,452313.3591497749
2019-11-01,2449.112174940717,22.596543561014027,553.4146994685772,6.668054955628788,18.24593317216085,6.296001894462645,305490.285451444,286287.1035889456,412761.45243551116,460491.5910375114
2019-12-01,2449.112174940717,22.596543561014027,553.4146994685772,6.854360023801757,18.80293154927179,6.196178513636183,307889.6097596249,291704.8784881014,416342.93028579355,469762.88772813656
2020-01-01,2503.792925214635,22.87051050704288,572.6302240358094,6.977863276543962,19.40592093957638,6.381241859730829,315833.97000816185,298397.6189868876,429808.91817095317,485141.7448673254
2020-02-01,2503.792925214635,22.87051050704288,572.6302240358094,6.752207689429128,19.352033320377355,6.507261120101038,314418.363948006,293206.10616594594,434028.80508374306,487099.18754468055
2020-03-01,2503.792925214635,22.87051050704288,572.6302240358094,6.281319224295431,17.78875648076466,6.49025437107787,303616.6035378504,278251.3591520868,416503.62433239317,457842.2848675636
2020-04-01,2503.792925214635,22.87051050704288,572.6302240358094,4.940536141263175,14.940670596413327,6.578119943166121,273840.08658908715,235219.99283077373,386553.2281703562,404987.03331036173
2020-05-01,2503.792925214635,22.87051050704288,572.6302240358094,5.118212613748871,17.159630025464473,6.484921261396377,277396.890890341,241303.88635169677,413092.5868852772,449236.11806314206
2020-06-01,2503.792925214635,22.87051050704288,572.6302240358094,5.539880651544466,18.174522038044945,6.464802462801437,288966.0058156687,256599.37166355125,425240.43689795904,469387.5928898054
2020-07-01,2503.792925214635,22.87051050704288,572.6302240358094,5.729014916019437,18.576076426822286,6.3616736393416735,292166.513050151,262718.9828869437,427118.98106673866,475866.3767342254
2020-08-01,2503.792925214635,22.87051050704288,572.6302240358094,5.563470123353157,19.666627211623254,6.260141295338832,286186.4529370702,256549.74651749205,436820.6959755389,495492.91237006435
2020-09-01,2503.792925214635,22.87051050704288,572.6302240358094,5.7691661722653516,20.977511994165887,6.37210995776927,294608.97449973633,265383.523229972,455858.01139673236,523051.55333092756
2020-10-01,2503.792925214635,22.87051050704288,572.6302240358094,5.625100280027145,20.250419730782756,6.402099696096617,292196.4358873013,261298.09564483273,449603.2216874802,510642.66295360686
2020-11-01,2503.792925214635,22.87051050704288,572.6302240358094,5.352265183002635,19.71411490032643,6.32871886963729,284008.26510288473,251616.64053984368,441645.61227912275,499609.29000467015
2020-12-01,2503.792925214635,22.87051050704288,572.6302240358094,6.427960047595527,21.805443682610246,6.270387180802779,311811.9463404179,289536.7989621021,463608.4272911337,538780.6672548845
2021-01-01,2559.6945197116597,23.14779910655,592.5129451642249,6.510976232761336,22.515611101280307,6.23339582428859,313498.2150628323,292506.78524913534,470382.92237266724,551738.9628948246
2021-02-01,2559.6945197116597,23.14779910655,592.5129451642249,6.3107890752874685,22.315609987899744,6.089338714133481,305648.74784340773,284664.21794453607,463450.88201169646,545468.0003261958
2021-03-01,2559.6945197116597,23.14779910655,592.5129451642249,6.692885740146445,22.981519616624745,6.15840792209105,317227.68586225685,298990.5247826073,473586.5843639528,559815.0664173617
2021-04-01,2559.6945197116597,23.14779910655,592.5129451642249,7.050998227467648,23.880263768981198,6.080655727990243,324304.5019782593,310637.7599049346,480449.82949204877,575060.2339218077
2021-05-01,2559.6945197116597,23.14779910655,592.5129451642249,7.289724407025741,25.07165105850094,6.0462197943085405,329468.71626058646,318678.43694229046,491666.7324687433,596355.9105358768
2021-06-01,2559.6945197116597,23.14779910655,592.5129451642249,7.504177033683705,25.218421629735438,6.1613680310035175,338044.77479773544,327819.5078966776,498380.1793376069,602406.0939794885
2021-07-01,2559.6945197116597,23.14779910655,592.5129451642249,7.596262389941701,25.722069730659552,6.263787799374884,343521.03874243307,332791.4053878051,508091.63675740926,614525.2262981535
2021-08-01,2559.6945197116597,23.14779910655,592.5129451642249,7.721668384792539,26.356817845190637,6.25520348352873,346713.7380913779,337390.41535743105,514605.12232660246,626280.7542509013
2021-09-01,2559.6945197116597,23.14779910655,592.5129451642249,7.8126981722140805,27.086123728156636,6.228562503316524,348611.60478107503,340606.7811402257,521221.46701527614,639203.5513200206
2021-10-01,2559.6945197116597,23.14779910655,592.5129451642249,7.446977547919818,25.82033633401563,6.2126765854862835,340600.1135736498,329023.99367313937,508970.4456686524,616985.0713372185
2021-11-01,2559.6945197116597,23.14779910655,592.5129451642249,7.967921155233322,27.575479673093216,6.385842956865617,357852.53046645736,349171.5672956988,533954.9350560142,653331.6786339998
2021-12-01,2559.6945197116597,23.14779910655,592.5129451642249,7.857186661141548,27.528827202332916,6.2782923330459735,352944.92533018556,344654.420771528,529599.3276245923,650344.347205873
2022-01-01,2616.8442159330084,23.428449632210587,613.0860290832809,8.34730414741832,28.57739368379207,6.23280532609106,363287.48834744457,360767.4432838793,538380.0634555197,668358.0730067921
2022-02-01,2616.8442159330084,23.428449632210587,613.0860290832809,8.179021897801704,27.03092049468046,6.153474407236938,357926.66853040585,354777.74747149606,520999.61908289924,639718.169821217
2022-03-01,2616.8442159330084,23.428449632210587,613.0860290832809,7.707994691055919,26.09533622222127,5.9950099101228576,343624.6441333077,337783.11995113094,505887.9809855343,619606.4770441301
2022-04-01,2616.8442159330084,23.428449632210587,613.0860290832809,7.739099427901415,27.155023367759,5.950312265544601,343650.0595329845,338788.9084867881,514886.7896287015,637935.5188564751
2022-05-01,2616.8442159330084,23.428449632210587,613.0860290832809,7.502889851298907,24.70460489637393,5.8525300011361,336195.15008574165,330254.87313222425,488038.064491654,592753.2051053421
2022-06-01,2616.8442159330084,23.428449632210587,613.0860290832809,7.549141208138331,24.81925754125965,5.805562939724952,336495.4713289657,331732.2634224077,487825.3548388058,594240.2671996712
2022-07-01,2616.8442159330084,23.428449632210587,613.0860290832809,6.81432485747616,22.61363677638363,6.0601323061971355,328109.23367667873,311764.34730881243,477457.95522838604,561761.1927322752
2022-08-01,2616.8442159330084,23.428449632210587,613.0860290832809,7.4772243519395465,24.595573910719107,5.870389324907987,339545.0437982116,332683.48929540074,491519.4586716293,594903.1040645101
2022-09-01,2616.8442159330084,23.428449632210587,613.0860290832809,7.0378579810721975,23.545036198101066,5.714884936706372,325684.9806960795,316431.8932991567,475125.45755460445,572519.1649217345
2022-10-01,2616.8442159330084,23.428449632210587,613.0860290832809,6.607735765615955,21.589593870712243,5.637231412902648,314133.17208886065,301465.89455831604,452780.6972907479,535526.1305007753
2022-11-01,2616.8442159330084,23.428449632210587,613.0860290832809,7.341044079898577,23.336065252861957,5.659136218854905,332787.3948452994,327463.7259233078,472587.1269343216,569150.1348637806
2022-12-01,2616.8442159330084,23.428449632210587,613.0860290832809,7.868552713779158,24.444617028571628,5.442752257353549,338994.84043744806,342594.5971741195,475390.0831246545,584600.2794689183
2023-01-01,2675.269879951702,23.71250284497723,634.3734463943663,7.562919099657091,23.0459934772326,5.517445672244806,335371.6159772757,334423.964850088,465686.49308929814,562153.9647912825
2023-02-01,2675.269879951702,23.71250284497723,634.3734463943663,8.219498205824511,24.342524776596083,5.459230196966283,348794.44734636124,355951.1022289714,476963.4935680578,585024.9161090066
2023-03-01,2675.269879951702,23.71250284497723,634.3734463943663,8.442335356190933,23.704187561184597,5.53520632571961,356583.95545410644,365061.50756350823,474663.08036955434,576188.8493390445
2023-04-01,2675.269879951702,23.71250284497723,634.3734463943663,8.5146469181188,24.53469061116288,5.469689248457001,356635.12183840096,366960.78468951397,480803.4750919493,590258.789708142
2023-05-01,2675.269879951702,23.71250284497723,634.3734463943663,8.65976837919346,24.920993511455364,5.537969094037912,362534.68813137885,373431.16897822585,488224.02526964585,599705.5537376475
2023-06-01,2675.269879951702,23.71250284497723,634.3734463943663,8.280026357693917,25.018121181252972,5.412164465258054,351102.4506242094,359663.1782242491,484264.3764377689,598687.0676906235
2023-07-01,2675.269879951702,23.71250284497723,634.3734463943663,8.59986654660148,26.617703718298657,5.365394744441071,357000.9604296087,369940.31613260217,498287.5374346839,626736.7106488914
2023-08-01,2675.269879951702,23.71250284497723,634.3734463943663,8.672850863774899,27.385347857048142,5.37585379593179,359498.1709191367,373109.64956759085,506592.7887837932,641232.6477083437
2023-09-01,2675.269879951702,23.71250284497723,634.3734463943663,8.478682827096465,27.096891030797842,5.324249230557777,354382.84681628604,366583.73061640887,502127.6526582491,635262.4712907623
2023-10-01,2675.269879951702,23.71250284497723,634.3734463943663,8.308625817429713,25.62512020175186,5.270769929539201,349683.4952117894,360783.13893894607,486603.65986864857,608423.3578708849
2023-11-01,2675.269879951702,23.71250284497723,634.3734463943663,8.018997322419636,25.1272134940994,5.360855910775288,347211.4281958922,353526.76124661596,486668.9996126011,602791.0275422886
2023-12-01,2675.269879951702,23.71250284497723,634.3734463943663,8.508685559137378,27.26931973086489,5.52820073462677,363866.4985128349,373111.41697447887,515643.69390553253,646670.7462769329
2024-01-01,2735.000000000007,23.999999999999964,656.4000000000007,8.787934482686405,28.38038446125933,5.528792756409264,370513.29999668844,382961.7419256672,526832.4314222889,667105.4875785373
2024-02-01,2735.000000000007,23.999999999999964,656.4000000000007,8.802802486871569,29.073624114873862,5.467518501921192,369429.97532495385,383043.01400678157,531003.8477620713,678134.9442570944
2024-03-01,2735.000000000007,23.999999999999964,656.4000000000007,9.2209102450133,30.49348001605093,5.50530922570369,380136.52927392954,398006.3786949426,546461.5616198871,704801.4731389451
2024-04-01,2735.000000000007,23.999999999999964,656.4000000000007,9.505041740723229,31.447190854144498,5.402001424658584,383083.00489290804,405993.6926635603,550536.2894389905,718683.9236150694
2024-05-01,2735.000000000007,23.999999999999964,656.4000000000007,9.224795010151759,30.0779298860455,5.380195289003408,377318.80242083414,397262.63521404157,538095.905687606,695145.5645651205
2024-06-01,2735.000000000007,23.999999999999964,656.4000000000007,9.358876036657998,31.681519132943023,5.44768577220766,383083.92840755696,403495.4901711719,556471.4610901489,725777.9776702436
2024-07-01,2735.000000000007,23.999999999999964,656.4000000000007,8.89944592980587,32.72177139942537,5.559972570287252,378285.50568122143,391375.2973408535,571998.5886991336,748047.2925689652
2024-08-01,2735.000000000007,23.999999999999964,656.4000000000007,8.672897299743026,33.12105230159946,5.563031349496801,374231.05117789865,384613.24528088694,576302.1786294201,755652.4994287036
2024-09-01,2735.000000000007,23.999999999999964,656.4000000000007,8.847697007374004,33.6357071732463,5.609307718828374,380215.24020794523,391883.32724002237,583833.0439302741,766686.7211669842
2024-10-01,2735.000000000007,23.999999999999964,656.4000000000007,8.841283747141782,34.436184722246686,5.553460330679825,378841.0911067629,391351.2673614173,588530.2242069382,779119.2638273431
2024-11-01,2735.000000000007,23.999999999999964,656.4000000000007,8.540614251270988,34.22978659871273,5.728994789189133,379043.0097309782,385118.4937741145,596724.0727366953,782429.967467556
2024-12-01,2735.000000000007,23.999999999999964,656.4000000000007,8.289281272658615,36.125059650276214,5.689230659464989,372806.73417794076,376606.6878228173,611829.6271437453,814220.5261513079
