Date,CAC40,SNP500,WGBI
1985-01-01,1.0,1.0,1.0
1985-02-01,1.7177984308914964,1.239636570503438,1.0235623791293365
1985-03-01,1.633066237891149,1.3190846037588502,0.9832991277578244
1985-04-01,1.7487270162077455,1.2676156946344688,1.0019526779018826
1985-05-01,1.8360484102675516,1.213139104964958,1.0250878162371238
1985-06-01,2.2924956973397426,1.4303581492132105,1.030164384102301
1985-07-01,1.8198481398328823,1.6469368045597392,0.9878103169278131
1985-08-01,2.041049523157115,1.5508044938502117,1.0023207167383668
1985-09-01,2.4355884836907804,1.3568028244876238,1.0000690689505467
1985-10-01,1.9013033254610374,1.2742007919432679,0.9906056360263649
1985-11-01,2.7253428117760587,1.3168668455583739,0.9884566049650708
1985-12-01,3.542879387061707,1.5252737679637531,0.9934453565931248
1986-01-01,3.653801933406353,1.8190035031599698,0.992510952362158
1986-02-01,3.8116653220627335,1.7919491819210875,0.9916525239767928
1986-03-01,5.049974035944398,1.98027965963421,1.073989619923432
1986-04-01,6.3010102562344406,2.0521576785352837,1.044192287958322
1986-05-01,6.017528099360431,2.012113194685286,1.0638789122626988
1986-06-01,6.063789070340841,2.3745826164649615,1.0584047045822316
1986-07-01,6.550969629185985,2.4013143075173566,1.0486146741918931
1986-08-01,5.441351039960695,2.197441866482757,1.0499348778466273
1986-09-01,6.6826558477827795,2.4445494064054283,1.0306054386865058
1986-10-01,5.306778045627862,2.064334349771747,1.042599755298575
1986-11-01,6.213030794122121,2.2582161392218514,1.0193402928523505
1986-12-01,6.396792496287266,2.3933991758063664,1.011173382799858
1987-01-01,6.459575958908905,2.123810017941026,0.9993704858507321
1987-02-01,8.453007489441053,2.696123810363299,1.0106977937403796
1987-03-01,9.865869612158434,2.6544834791807697,1.018067450763705
1987-04-01,10.214582136035084,2.820224847497423,1.0200941311126022
1987-05-01,10.504476359146206,2.5735096153919734,1.0304159924221494
1987-06-01,11.614040509503015,2.3696323028861226,1.0235771796187392
1987-07-01,12.492514773146073,2.614977906967869,1.0204532896554448
1987-08-01,13.525582862664685,2.8434832553709715,1.0117318545999923
1987-09-01,13.157496450781334,3.34774585814931,0.9982121008801358
1987-10-01,13.736788037996797,2.898018396687545,1.0052650274302404
1987-11-01,7.161875945637157,2.2653781448388415,0.985455065714173
1987-12-01,9.0861484459101,2.0008736786180057,0.9862523187433401
1988-01-01,8.946585338878798,2.780438733717232,1.048489363381616
1988-02-01,8.295108384392146,2.774900070559513,1.0616775861388483
1988-03-01,10.0852609740947,2.9261833112606883,1.0553932983383985
1988-04-01,9.271506096036461,2.806394868346674,1.0612661325334491
1988-05-01,10.31505002321944,2.8706873083618305,1.0830248253542252
1988-06-01,11.41165674676482,2.9425823809458715,1.1159490073805107
1988-07-01,12.271116326850722,3.0067661124958556,1.1411453605399218
1988-08-01,12.449113664344386,3.01654059437046,1.1311175356198444
1988-09-01,11.975543651709511,2.876334845698846,1.1570055649840156
1988-10-01,13.33283255092552,3.0309845688237735,1.1578630066700872
1988-11-01,14.103428223865686,3.1224279423005283,1.1377649287603109
1988-12-01,13.82148588054232,3.062045029892616,1.151144571180487
1989-01-01,14.721741069269461,3.1022277220450265,1.197256975964005
1989-02-01,15.548671528063657,3.354293818522747,1.16949421794214
1989-03-01,14.769898099692377,3.255574269300873,1.194999407980424
1989-04-01,15.535588006693057,3.368955209906406,1.2029295102024706
1989-05-01,15.788364168432725,3.519912490926188,1.2403342937206456
1989-06-01,16.363789550218577,3.6843366959257198,1.2541165094525792
1989-07-01,16.585309893695825,3.6619646263644983,1.248006867427083
1989-08-01,17.631671059288546,3.9506296813546564,1.2709328255120969
1989-09-01,18.18020179660218,4.081061279579914,1.241762047598374
1989-10-01,18.09379243614966,4.0572773256844386,1.2366696925445
1989-11-01,17.5570741354753,3.9532363645210666,1.21720902237834
1989-12-01,18.519024627077844,4.078237510911406,1.17827090815803
1990-01-01,19.18585719462106,4.193790632250906,1.1466767967794136
1990-02-01,18.293414851310548,3.8410498913194417,1.1381773690650037
1990-03-01,17.684551955218193,3.9038220699634194,1.1229743063503967
1990-04-01,18.79833163242422,3.9826675243253096,1.110153135730355
1990-05-01,19.97389867187101,3.914899727707105,1.1542112325847576
1990-06-01,20.20468595507794,4.300003774148245,1.147433595137546
1990-07-01,20.044498222759568,4.2660111673739705,1.1279877254607884
1990-08-01,19.443539122300216,4.227022942625468,1.1075541697912143
1990-09-01,16.308273316311947,3.858860845338879,1.1211775269368907
1990-10-01,15.284537680766602,3.771761501901811,1.1245845995974268
1990-11-01,16.21686723970356,3.6854227862927034,1.1425642341240083
1990-12-01,16.32381138437576,3.9096866928025324,1.1480887634684454
1991-01-01,14.936719652061408,3.9470459477146833,1.1608694794174528
1991-02-01,15.684963754752308,4.155996874906313,1.2000187472865769
1991-03-01,17.36435617271624,4.506131264099614,1.2925218060543866
1991-04-01,18.16893506126117,4.525896650494426,1.3165331333622765
1991-05-01,18.15294335126445,4.643730329604818,1.3399297470103015
1991-06-01,18.612065589283063,4.76091242078067,1.3771539645577613
1991-07-01,17.97112943212987,4.645250922404244,1.3576952677901883
1991-08-01,18.141130914625176,4.766451249652513,1.386951888542448
1991-09-01,19.134066592138968,4.847903055752566,1.3757301574772074
1991-10-01,19.37902879931303,4.822815594559762,1.397382286774283
1991-11-01,18.90818396572254,4.856699824297111,1.385845798634408
1991-12-01,17.55262201146872,4.753201742603108,1.368928839246951
1992-01-01,17.97512791420354,5.211177912101853,1.4134427911749612
1992-02-01,19.08381992503733,5.122558307293605,1.431499388246438
1992-03-01,20.34461397212373,5.176642425858209,1.422011287839918
1992-04-01,19.820614282805483,5.084330378944816,1.429168804515136
1992-05-01,20.99954204366232,5.196082349713998,1.434585783636579
1992-06-01,20.838262908747414,5.278511537715862,1.4033577376958597
1992-07-01,19.742838538014944,5.23409319256069,1.3987616923866282
1992-08-01,18.927174814561756,5.398082563699531,1.3748776492876031
1992-09-01,17.758241595165625,5.3022954916113365,1.448133164936654
1992-10-01,18.286146598043207,5.317825556431634,1.5305235426451433
1992-11-01,18.953614707952088,5.409268598480142,1.5599113944034415
1992-12-01,19.018127249237235,5.5324240209602795,1.6020681217192247
1993-01-01,19.557025027657712,5.60388425968363,1.6220803567904647
1993-02-01,18.959610767339125,5.701952552399211,1.7023907723882068
1993-03-01,21.222971232534515,5.713246964216747,1.6876248174606305
1993-04-01,21.304473717898574,5.832927030093836,1.6846370919998421
1993-05-01,20.584214553127442,5.740180149319753,1.7058165923353197
1993-06-01,19.9727163190581,5.910143183191127,1.8247158306034652
1993-07-01,21.253228816714742,5.859751506731669,1.9256808225125315
1993-08-01,23.321962473756123,5.883535460627145,1.899006393811422
1993-09-01,24.010965820264836,6.073046795391233,1.8757123968899239
1993-10-01,23.187123232231553,6.062620725582088,1.9132227572325058
1993-11-01,23.767638498687607,6.1739381939188265,1.9351768165133991
1993-12-01,23.602271040631635,6.098894221555502,1.9595167146860324
1994-01-01,25.098850196229815,6.158842300102725,1.975962031811185
1994-02-01,25.55424680282389,6.3561733529377955,1.931020839089079
1994-03-01,23.93009776811746,6.17220084704555,1.8916969254450011
1994-04-01,23.027663101644197,5.846827793649534,1.877930496901764
1994-05-01,23.98388927535986,6.043072424689374,1.85145044796148
1994-06-01,21.782042212607116,6.127239290992762,1.82988120140506
1994-07-01,21.000451545826095,5.989096683161695,1.8394008761889726
1994-08-01,23.385201712011984,6.196201555014875,1.8256107668626909
1994-09-01,22.99349909475566,6.379848598368098,1.8058461933141259
1994-10-01,20.93621185519008,6.2426837038670895,1.788218810435332
1994-11-01,21.170998729619665,6.3421632180604295,1.8353258081067212
1994-12-01,22.20227657823046,6.097264920290903,1.8232979437186725
1995-01-01,21.31982877638065,6.250286005007727,1.831948336424991
1995-02-01,20.672079117042006,6.414601501542086,1.8451247187907012
1995-03-01,20.45228350022899,6.642557850157061,1.861574969412322
1995-04-01,21.087042806711374,6.878116499912673,1.904870347712831
1995-05-01,21.926783936227036,7.058613649201871,1.9884822591467026
1995-06-01,22.282687660997986,7.347279035620277,1.96495737459052
1995-07-01,21.849733574869557,7.548736370136441,1.9486383549749378
1995-08-01,22.392539994296307,7.731948579628974,1.9807297627974898
1995-09-01,21.970397892427,7.812205918325118,1.9875873228874767
1995-10-01,20.79156108178654,8.076218345983163,2.003619213008643
1995-11-01,21.352085047023223,8.123568836843768,2.065852310849745
1995-12-01,21.271219213173808,8.461756894856746,2.0783587243951533
1996-01-01,22.293410913338693,8.66886110385343,2.130230492954967
1996-02-01,23.652515489435313,8.930375888238485,2.079104669061057
1996-03-01,23.57155870536952,9.032462417026483,2.077835773769586
1996-04-01,24.026957530261555,9.179075668006577,2.120836128981332
1996-05-01,25.027613993826613,9.20394538084079,2.1079350357185143
1996-06-01,25.00707920960694,9.41398272982765,2.105738643091132
1996-07-01,25.398693094944846,9.545825549530665,2.0930013419110396
1996-08-01,24.193414172616098,9.196126325626302,2.1035718514425548
1996-09-01,23.79698658070406,9.281487659333598,2.15640466511426
1996-10-01,25.55715499145001,9.788226204027202,2.1647442475431187
1996-11-01,25.785579787329088,10.012164316569761,2.2138779255634056
1996-12-01,27.921825124498113,10.784219127646985,2.204197418794648
1997-01-01,27.194114696877907,10.524116227596185,2.2735584323321625
1997-02-01,30.232705968601774,11.246756412687514,2.3177517069897773
1997-03-01,31.337944089511176,11.390003678386229,2.269589927773612
1997-04-01,31.121784263055304,10.89640560084861,2.324055728776098
1997-05-01,32.030944808944575,11.469826183221683,2.3585536961755538
1997-06-01,31.577908471380397,12.181822881573522,2.4161374669455737
1997-07-01,36.32187841252562,12.842994395318204,2.5167136993329917
1997-08-01,37.71033328893665,13.668590114062416,2.4730779097762166
1997-09-01,34.69772937781919,13.406315033277648,2.4850199313257293
1997-10-01,37.77820433333389,13.830625384254132,2.4603692228756366
1997-11-01,34.47711742735674,13.607446905254792,2.467919445869677
1997-12-01,36.102175964226944,14.148938353122382,2.5114249911197066
1998-01-01,37.607115884837974,14.173049095269871,2.5851639894225835
1998-02-01,39.43533945871187,14.567057624435988,2.584600584125982
1998-03-01,42.64211099030553,15.266566106422877,2.591123653155465
1998-04-01,48.044190042264596,16.16763996853461,2.569256423412401
1998-05-01,49.19840596384227,16.36996630791566,2.5671379800292065
1998-06-01,50.90242259831592,15.95868904134298,2.5880283774716815
1998-07-01,53.66833402985019,16.82001537659124,2.5666367367880967
1998-08-01,51.643484961359945,16.306977706626082,2.614854757863993
1998-09-01,45.98418095110157,14.595511402338419,2.6140821723171648
1998-10-01,38.31310695712764,14.502331013416635,2.667263290839484
1998-11-01,45.01714057482883,16.358889975884964,2.6919001854994677
1998-12-01,46.52571184920108,17.320672212943634,2.714531120495718
1999-01-01,52.317860851117594,18.12052921398875,2.7810218257883728
1999-02-01,54.29591714243059,18.797014038479876,2.7845660496507083
1999-03-01,50.86598483601795,18.27626469605241,2.8386519714251888
1999-04-01,53.36685846383629,19.14997186491344,2.8954503295575638
1999-05-01,56.09933570851099,20.065706786980584,2.8878813592769466
1999-06-01,54.84190238283463,19.198734240108298,2.8691991948533766
1999-07-01,59.13992123010129,20.505763956851215,2.832389391009196
1999-08-01,56.31776707207835,19.735990034973128,2.883253739590322
1999-09-01,59.60458810387198,19.811250761410303,2.9042911552275332
1999-10-01,58.539694167968875,19.111526188206057,2.9412538974622096
1999-11-01,63.01589114401296,20.187667079200317,3.0381971030508743
1999-12-01,69.23881142686486,20.867844014368345,3.0443738406283303
2000-01-01,76.1348342964451,21.743396575711326,3.05256245806528
2000-02-01,74.28462295318745,21.071473529618476,3.079762797489837
2000-03-01,80.49772948586241,20.65085661503188,3.1946974779966055
2000-04-01,78.88212533489954,22.567254284725767,3.2450191419662944
2000-05-01,84.56705512319677,22.01805249010886,3.213524687216324
2000-06-01,85.53890920604364,21.757948927201564,3.184340095512492
2000-07-01,84.94622435697669,22.08516803593603,3.238550341397956
2000-08-01,85.28104537793173,21.627409946224123,3.3497562852744993
2000-09-01,88.95439595613799,22.901641523596673,3.368156253700122
2000-10-01,82.90283475413318,21.64380769019632,3.4623021667916487
2000-11-01,83.68315211788492,21.435074179935032,3.4381576350791336
2000-12-01,77.41934416702644,19.861317638187234,3.301923076923077
2001-01-01,75.72687155513884,19.39486949982647,3.329272407940956
2001-02-01,77.04344914103612,20.776835143324032,3.3656539842917477
2001-03-01,69.7519081817076,18.798208505883785,3.4002002999565857
2001-04-01,68.04998118391266,17.369434588138493,3.3781880254173737
2001-05-01,72.8940784400977,19.213069174668192,3.522939771875123
2001-06-01,71.86843506830638,19.156052910398156,3.494822788806883
2001-07-01,70.59301134617097,18.804833093694366,3.4666850850534794
2001-08-01,68.1522935224435,18.508456697670148,3.4647847022141534
2001-09-01,61.71793395119552,17.27093278727521,3.481316848877136
2001-10-01,53.3830298559678,15.848674748875323,3.547797687176856
2001-11-01,58.21322725713279,16.56143240648337,3.518656510241938
2001-12-01,59.504915539914066,17.28385583750085,3.4473092710265623
2002-01-01,61.07027524207325,17.68601087298996,3.499499743458183
2002-02-01,59.40569107214416,17.203273699122178,3.500957098314718
2002-03-01,59.81747815913419,17.376602718274935,3.4617081738169473
2002-04-01,61.70539613112319,17.617808242511067,3.471399534277933
2002-05-01,59.2230630376581,16.710109792588757,3.442735919801082
2002-06-01,57.41482632840765,16.03253920915889,3.414180842246517
2002-07-01,53.38021261755806,14.942388183287266,3.473066069384694
2002-08-01,44.386198959136344,13.66457187799,3.532595611161542
2002-09-01,44.825421955300946,13.582686563742246,3.5437147255002563
2002-10-01,38.74161113754745,13.136438314208739,3.5220566760074203
2002-11-01,42.58968373630879,13.978541811103307,3.51052413466472
2002-12-01,45.18168948093741,14.523942786578143,3.4952085882306507
2003-01-01,43.77152190408971,14.152740497977444,3.4635276473142045
2003-02-01,40.52131609843088,13.41011717813271,3.498085803370565
2003-03-01,37.842716874619036,13.038804855353847,3.465708252752891
2003-04-01,36.109354376426886,13.426516247817894,3.4293296364999803
2003-05-01,40.887215473811516,14.350613767425388,3.395145439475866
2003-06-01,42.7764067488298,15.168497813707296,3.421632395311205
2003-07-01,42.60503879479087,15.432728321152181,3.386766389075266
2003-08-01,44.819516846130284,15.417632427336079,3.453483048506137
2003-09-01,47.49048068836235,16.101501473181003,3.4411078659667678
2003-10-01,45.12190191430797,16.064793806203394,3.4305610372182973
2003-11-01,48.629612183809115,16.73248119929348,3.3829922642775387
2003-12-01,49.35332302020667,16.936545548404304,3.3426204759837392
2004-01-01,50.867528771398405,17.57241317831058,3.4033606977937407
2004-02-01,51.83883715294701,18.014859282989026,3.408196511031298
2004-03-01,53.02485459408537,18.374441697233166,3.495284564076252
2004-04-01,51.91661511603551,18.01887751906144,3.429834826538264
2004-05-01,52.6551397462128,17.804929979610844,3.3926382365710226
2004-06-01,52.581811688832914,17.893006373521473,3.412143308205391
2004-07-01,54.28937316344733,18.04461623676054,3.4303054821012746
2004-08-01,52.93935251749866,17.707405229221123,3.478939890279039
2004-09-01,52.78506989435095,17.732817821524705,3.451429727276315
2004-10-01,54.49635810953888,18.163644051846592,3.4693254923629473
2004-11-01,54.55359907010975,18.170377348122344,3.4394452776571818
2004-12-01,55.641935978858655,19.188959758233693,3.419799108023839
2005-01-01,56.55827493694787,19.385095017951866,3.5162598176579705
2005-02-01,57.78808601642098,19.198625531643128,3.4566414729447055
2005-03-01,59.48674324302225,19.57873396011004,3.4841457157516675
2005-04-01,59.855002887432775,18.999447760613112,3.561112207443659
2005-05-01,57.94664108144048,18.84718829800899,3.6474365552354264
2005-06-01,62.47235934115315,19.53920252446392,3.6869854363184293
2005-07-01,64.0958739426429,19.43820175461466,3.638870031969057
2005-08-01,66.91103158889865,20.125438111453956,3.6582004578284724
2005-09-01,66.41974513960282,19.94342036936533,3.659551249161306
2005-10-01,69.39818282553378,20.049851259621263,3.6169988554288195
2005-11-01,66.57893463783901,19.679950821176654,3.629517109365749
2005-12-01,69.75835899217653,20.74555759675309,3.668208548762679
2006-01-01,71.5583258866305,20.840367286939475,3.608629672021155
2006-02-01,75.23748840549307,21.087872599303658,3.655956703635001
2006-03-01,76.11357412879237,21.28357435087413,3.560413624343845
2006-04-01,79.08801887839456,21.415635250363987,3.5014159134862055
2006-05-01,78.87631339424323,21.563551677213162,3.4970971306784553
2006-06-01,75.88551535207677,21.289113179745975,3.477070095117812
2006-07-01,76.84646428215018,21.226231961208576,3.5110401783952323
2006-08-01,76.36826135422494,21.092976594314813,3.5328156451039976
2006-09-01,79.99854145923155,21.81246754819861,3.5599232347949634
2006-10-01,80.94095429154763,22.17650303237586,3.5659707147649686
2006-11-01,82.91273723622852,22.81052526980018,3.527226980305482
2006-12-01,81.30448896130244,23.34788977313018,3.4794115325413424
2007-01-01,86.94908121948725,23.717896268613984,3.483357343016142
2007-02-01,87.63844836686148,24.23582316808593,3.5062300193393066
2007-03-01,84.49727634255358,23.568567957430552,3.4863707226585627
2007-04-01,87.39447995717369,23.956063258677244,3.4369153806685877
2007-05-01,92.91313500354913,25.018518814476664,3.4148537711646996
2007-06-01,97.2926585544778,25.919375259658054,3.3817973714330822
2007-07-01,95.53994584317684,25.66579022752214,3.436410190630303
2007-08-01,89.68555583708665,24.786328138571918,3.5078077515096497
2007-09-01,89.65103024763056,25.237354257721062,3.443888384575917
2007-10-01,91.58655733044625,26.253979915459304,3.4390140900659114
2007-11-01,90.92599256379022,25.632448545825913,3.4846558392864195
2007-12-01,89.56816350902085,25.073472269334403,3.4802906816118715
2008-01-01,88.32908438066906,24.689779112942773,3.564324900343371
2008-02-01,79.23148951728315,23.83203750561923,3.560910920787781
2008-03-01,75.50089797850605,22.7917346138812,3.5213472392153764
2008-04-01,77.46441110839048,23.494826498079814,3.4659707147649685
2008-05-01,81.11704278364634,24.197594908308893,3.4206595098077908
2008-06-01,80.73143161258935,23.84116106241579,3.3894008761889722
2008-07-01,71.17679638382069,22.15119914853745,3.4281130362710655
2008-08-01,70.76401549934438,21.754800358850527,3.562352488455618
2008-09-01,73.35538237416038,22.10319640688581,3.690549394166634
2008-10-01,66.62300334512085,20.12684999578821,4.009399297470103
2008-11-01,57.98471151103734,16.778095006137306,4.157140742787229
2008-12-01,50.9703868112275,14.220290877665303,4.065689505466314
2009-01-01,55.48965426047124,16.281347697392157,4.2211696333425435
2009-02-01,48.549833315960306,14.44205747233039,4.134703200852508
2009-03-01,42.78531099684295,12.309323328378088,4.055305482101274
2009-04-01,47.063888680784416,14.044789014922086,4.0628981331649365
2009-05-01,54.182974720073396,15.386246172299966,3.9300104590125113
2009-06-01,57.62789828410261,16.24659413136167,3.970307258160003
2009-07-01,55.11194466674929,16.28069544660112,3.9957976477088843
2009-08-01,59.609042446176524,17.510182884851226,4.025879149070529
2009-09-01,61.534848947329614,18.143009329158648,4.043843983107709
2009-10-01,63.893161438423135,18.817322635772303,4.009534475273316
2009-11-01,62.49688927999956,18.470228437893113,4.064953427793346
2009-12-01,65.12006211097217,19.58209994539142,4.038640131033667
2010-01-01,69.35039181427435,20.276721849297502,4.174023167699412
2010-02-01,64.99731037503396,19.512269339360916,4.261710147215535
2010-03-01,65.13996024367721,19.83373220229319,4.222633895094131
2010-04-01,69.7140196525435,21.048015038262022,4.281688834510795
2010-05-01,66.28209087796647,21.367632508712347,4.594665903619213
2010-06-01,62.16270269226119,19.657144580611238,4.68270414808383
2010-07-01,59.51963172858354,18.627810638151722,4.561542408335636
2010-08-01,66.89368006225219,19.957755303925225,4.767965820736472
2010-09-01,64.73753437408017,19.05820203461292,4.542766507479181
2010-10-01,65.95680410164533,20.75500595323218,4.524118877530884
2010-11-01,68.61886369586423,21.541831195586482,4.599746418281565
2010-12-01,65.91419059782552,21.57223907443604,4.5408779650313775
2011-01-01,70.11226624878309,22.979943435632702,4.441649563878912
2011-02-01,73.19937391519946,23.520783958422246,4.425792319532699
2011-03-01,73.1156908429403,24.317383682651155,4.319294904684848
2011-04-01,72.89299147409709,24.320965759149892,4.263216837036745
2011-05-01,74.13642733964315,25.041108963824726,4.394570193787741
2011-06-01,73.11250980366505,24.75765561802615,4.366527213166515
2011-07-01,74.27699200820358,24.344966467119217,4.507701187985949
2011-08-01,66.56557604752132,23.855606031153844,4.594543552906816
2011-09-01,60.60497393508587,22.558456853324724,4.84166041757114
2011-10-01,54.54623875747705,20.964935256610364,4.678800765678652
2011-11-01,57.1833114434697,23.217890357339634,4.776758298141059
2011-12-01,58.492626321844526,23.209204285829745,4.998133164936654
2012-01-01,60.4008993959184,23.446498956745646,5.024661562142322
2012-02-01,63.12192578652139,24.498096923157707,4.867944113352015
2012-03-01,65.61907267376621,25.556644277062876,4.840102419386668
2012-04-01,65.04791862470316,26.39776939777089,4.943119745826262
2012-05-01,60.841941396410554,26.231933308437107,5.265344160713581
2012-06-01,56.792700228809906,24.65546170648597,5.127953190985516
2012-07-01,62.8443457261372,25.674587658923183,5.333590204049415
2012-08-01,64.46494992070286,26.02776290228709,5.25044006788491
2012-09-01,67.04869028713092,26.61345494695126,5.20696511031298
2012-10-01,67.02361021039033,27.30612142419723,5.1376169238662825
2012-11-01,67.81237928937131,26.79775291538253,5.109284840352054
2012-12-01,69.68576297312357,26.953163597763666,4.989645577613766
2013-01-01,71.29391807953533,27.19892957468509,4.783836878872794
2013-02-01,73.90654955859999,28.60761098635531,4.905638986462486
2013-03-01,72.4695760691985,28.9959733038974,4.977453921142993
2013-04-01,73.21200490378614,30.083519303743856,4.895195761139835
2013-05-01,75.90240990934338,30.66312897721032,4.8143604215179385
2013-06-01,78.64333886924732,31.39891029231413,4.774610253779058
2013-07-01,75.86488518104478,31.02640350213136,4.73694991514386
2013-08-01,81.46649569794836,32.60874270977583,4.752010893160201
2013-09-01,80.72652473750088,31.65130218275912,4.718409835418559
2013-10-01,84.7026197481544,32.601573253926404,4.742214942574101
2013-11-01,86.24844511847407,34.122333093189575,4.682813671705412
2013-12-01,86.69612426646381,35.13483313210322,4.5829843706831905
2014-01-01,87.13352825830086,35.96455712109801,4.750290089592296
2014-02-01,83.33515440704493,34.76493534508459,4.701375458815171
2014-03-01,87.0501202549888,36.320556133130424,4.704812132454513
2014-04-01,89.94033179443764,36.69306027188721,4.728749457315388
2014-05-01,91.5102390074157,36.94089170964692,4.819963886805858
2014-06-01,93.78177611889323,37.80612624678943,4.842272171133126
2014-07-01,92.89496270665731,38.62509870343605,4.908616844930339
2014-08-01,87.53141105367494,38.0283290010282,5.007428858980937
2014-09-01,91.21674931405934,39.58308012135265,5.049906263567115
2014-10-01,91.05047457213756,38.999342177635604,5.076897422741445
2014-11-01,87.55530655930467,39.96905350408692,5.072238228677429
2014-12-01,91.42846367140253,41.00685875255196,5.196954059280896
2015-01-01,89.49347785328918,41.013590723114724,5.554889094999408
2015-02-01,96.94738491353321,39.742507714093215,5.525102616726525
2015-03-01,103.0160270098333,42.0071940490702,5.708512254805226
2015-04-01,106.23615269514873,41.32614877189378,5.530647866756127
2015-05-01,106.41787566406694,41.760123570566705,5.520102024706949
2015-06-01,107.39282649086657,42.28847322556532,5.4179914749181055
2015-07-01,104.87686843691732,41.529343453283225,5.491490705292655
2015-08-01,110.04598183707232,42.32246715805259,5.4461094446856375
2015-09-01,97.59522552308823,39.716335488246415,5.510979003039034
2015-10-01,95.27190446402248,38.76801851802626,5.564140387575483
2015-11-01,105.89815507151435,42.07192066008955,5.6985209377590085
2015-12-01,105.96720625042653,42.22309701518091,5.596257449579666
2016-01-01,98.62023103404535,41.39641421178497,5.69714054544737
2016-02-01,95.22925315128919,39.37803739605528,5.841472944705372
2016-03-01,93.63034670419603,39.49055065750891,5.71218474957572
2016-04-01,93.5351219769348,41.99959241078606,5.7552097722698035
2016-05-01,96.73673661878749,42.26458122606117,5.8382997197774005
2016-06-01,99.36528305884289,42.92977097587826,6.066806449066583
2016-07-01,94.66659449667354,43.11352805340965,6.057768283537909
2016-08-01,99.37985642489713,44.675339921118365,6.029579271421241
2016-09-01,98.89160340317947,44.75570464256669,6.014251884595652
2016-10-01,99.02964305058758,44.680006430842845,5.950121364013104
2016-11-01,100.99967248415506,43.99201176617332,5.868997908197498
2016-12-01,101.9621482683456,45.596614997770345,5.861243438449698
2017-01-01,108.30427803598504,46.732920721385675,5.777126336977542
2017-02-01,107.00426136970604,47.49889117269571,5.896321585033746
2017-03-01,109.50056130165439,49.58112493172338,5.862858665193196
2017-04-01,114.90628441195807,49.28062291687456,5.833186644038363
2017-05-01,118.77691612528184,49.88227919736323,5.744193274657615
2017-06-01,120.88724815129693,50.57972619565081,5.65273019694518
2017-07-01,118.18049433067718,50.98003318723199,5.570077357224612
2017-08-01,117.4663088762181,51.99590053714,5.588377669021589
2017-09-01,117.47300719353495,52.073332781454646,5.5526078462327835
2017-10-01,122.58563366232552,53.12352018924545,5.608383983897068
2017-11-01,127.05141992103185,54.49093480696576,5.555121956032679
2017-12-01,123.66179980529942,55.93925503703428,5.522771046295931
2018-01-01,122.64275039512194,56.82860164203727,5.406725342384654
2018-02-01,127.1197608612241,59.708734324023965,5.483775703516595
2018-03-01,122.37300734641622,57.685473581639435,5.520252002999565
2018-04-01,118.89712376577889,56.02472640491974,5.514915933220192
2018-05-01,128.04811143421932,56.304048829041754,5.643329912775783
2018-06-01,128.38212212204618,58.04788109026507,5.6273789319966845
2018-07-01,124.73914267969384,57.826980186182396,5.587087066345661
2018-08-01,130.82764156730863,60.37837846948715,5.611852231913802
2018-09-01,127.99832664335081,62.14577130196715,5.561117140940127
2018-10-01,130.40972087741795,62.85701101820175,5.644330425859415
2018-11-01,120.55142710743847,58.44112998588797,5.673250582152584
2018-12-01,121.48104492965581,60.15617836667437,5.753766231203378
2019-01-01,110.59338272011884,53.484623196289014,5.8082715001776055
2019-02-01,119.28526409895007,58.43689300717222,5.800007893594349
2019-03-01,125.54601836296989,60.64564751110491,5.957832418991989
2019-04-01,128.8440344635043,61.82681005944683,5.93800272329005
2019-05-01,134.0405709343587,64.15003192578028,6.077537790582941
2019-06-01,126.19267753745098,59.92974128514583,6.082856099775033
2019-07-01,136.81313119672643,64.65785424084315,6.191901172198761
2019-08-01,134.87948991939376,65.09237523326792,6.433551722776966
2019-09-01,134.4566812682178,63.67869853505171,6.411341121679757
2019-10-01,139.8627664497278,65.41003727705812,6.29579370091171
2019-11-01,141.1710202359505,66.9627229365443,6.296001894462645
2019-12-01,145.26930422024571,69.15355910370536,6.196178513636183
2020-01-01,147.96818299212808,71.48807604471286,6.381241859730829
2020-02-01,143.41667637532632,71.37002925723934,6.507261120101038
2020-03-01,133.4151834432487,65.73367033215487,6.49025437107787
2020-04-01,105.21092268482097,55.30957848679088,6.578119943166121
2020-05-01,109.45195324220641,63.607019885113274,6.484921261396377
2020-06-01,118.87087360332094,67.51594296723361,6.464802462801437
2020-07-01,123.34652630239943,69.10816669093086,6.3616736393416735
2020-08-01,120.2936324085412,73.25416967846273,6.260141295338832
2020-09-01,124.74131510693172,78.2686684570923,6.37210995776927
2020-10-01,121.88421121788909,75.65927818475694,6.402099696096617
2020-11-01,115.97240307895667,73.72974004790707,6.32871886963729
2020-12-01,139.34663394512378,81.69398734904946,6.270387180802779
2021-01-01,141.4866558100568,84.46454720099413,6.23339582428859
2021-02-01,137.15764194953647,83.79805294959498,6.089338714133481
2021-03-01,145.4620166198076,86.42536155870195,6.15840792209105
2021-04-01,153.43844529495763,89.92007887425491,6.080655727990243
2021-05-01,158.99433743808106,94.49082969804994,6.0462197943085405
2021-06-01,165.58032216317457,95.18816533644637,6.1613680310035175
2021-07-01,168.08531180407454,97.20035372393917,6.263787799374884
2021-08-01,170.89860507715287,99.69049876425814,6.25520348352873
2021-09-01,172.9133503047004,102.59648284954807,6.228562503316524
2021-10-01,165.19055250957499,97.90485881818503,6.2126765854862835
2021-11-01,176.74632661256726,104.64992742528686,6.385842956865617
2021-12-01,174.4595753912745,104.62875844026398,6.2782923330459735
2022-01-01,185.60132106984403,108.73066291089951,6.23280532609106
2022-02-01,181.88773774225996,102.93771076744692,6.153474407236938
2022-03-01,171.42134538127215,99.52248320276894,5.9950099101228576
2022-04-01,172.30154048382727,103.69694129391624,5.950312265544601
2022-05-01,168.1008808659461,94.41817002049898,5.8525300011361
2022-06-01,171.7134463269679,95.02167699632155,5.805562939724952
2022-07-01,155.3777891937898,86.71315794025547,6.0601323061971355
2022-08-01,170.70969442525728,94.37831378517032,5.870389324907987
2022-09-01,160.6786021720633,90.54106405013646,5.714884936706372
2022-10-01,151.05185293852315,83.13666534463293,5.637231412902648
2022-11-01,167.8151161663609,89.92214698651917,5.659136218854905
2022-12-01,180.14708041789396,94.4171942957384,5.442752257353549
2023-01-01,173.4276724532728,89.13749458775533,5.517445672244806
2023-02-01,188.52133483098416,94.24527583520691,5.459230196966283
2023-03-01,193.6451855071705,91.9402957796146,5.53520632571961
2023-04-01,195.5154643233978,95.30870976719288,5.469689248457001
2023-05-01,200.3459468046663,96.9018031586115,5.537969094037912
2023-06-01,194.27600406637524,97.47793681261842,5.412164465258054
2023-07-01,202.39898106228185,103.82792173731933,5.365394744441071
2023-08-01,204.1941301031985,106.92145709071777,5.37585379593179
2023-09-01,199.62261905224776,105.99160199959509,5.324249230557777
2023-10-01,195.8385223572336,100.33950420989441,5.270769929539201
2023-11-01,189.01203183334442,98.48598775873793,5.360855910775288
2023-12-01,200.7003239978485,107.10097984095937,5.52820073462677
2024-01-01,207.7623418414465,111.58690624480802,5.528792756409264
2024-02-01,208.15645634952185,114.41730347826525,5.467518501921192
2024-03-01,218.05702193283878,120.1969136461874,5.50530922570369
2024-04-01,225.00209077679662,124.08824186550567,5.402001424658584
2024-05-01,220.51992079600444,118.78127489274613,5.380195289003408
2024-06-01,226.5488589701802,125.31468546673094,5.44768577220766
2024-07-01,216.04137152727543,129.56951358217853,5.559972570287252
2024-08-01,210.6086741121012,131.26219453339917,5.563031349496801
2024-09-01,214.8533253815498,133.49516185937958,5.609307718828374
2024-10-01,214.93071810189994,136.81764254328345,5.553460330679825
2024-11-01,207.68938449337375,136.1134662258591,5.728994789189133
2024-12-01,201.8201197211835,143.8510590285426,5.689230659464989
